User_ID,monthNameY,sum(realNetAvailableTimeweek),sum(admintime),sum(billableTime),sum(efectiveTime),sum(ptoTime),"Billable Utilization %","Effective Utilization %","Admin Utilization %"
9642765,November-2020,0,0,0,0,8,NULL,NULL,NULL
9805405,December-2020,136,0,0,0,40,0.0000,0.0000,0.0000
9805405,January-2021,40,0,0,0,16,0.0000,0.0000,0.0000
9805405,November-2020,120,0,0,0,40,0.0000,0.0000,0.0000
9805405,October-2020,99,18,46,54,13,0.4646,0.5455,0.1818
9862085,December-2020,168,20,70,70,8,0.4167,0.4167,0.1190
9862085,February-2021,168,32,65,65,0,0.3869,0.3869,0.1905
9862085,January-2021,152,20,83,83,0,0.5461,0.5461,0.1316
9862085,March-2021,80,19,29,29,0,0.3625,0.3625,0.2375
9862085,November-2020,104,11,39,39,8,0.3750,0.3750,0.1058
9862085,October-2020,184,24,97,97,0,0.5272,0.5272,0.1304
9909425,December-2020,88,21,34,34,0,0.3864,0.3864,0.2386
9909425,February-2021,144,30,10,17,24,0.0694,0.1181,0.2083
9909425,January-2021,112,46,13,19,0,0.1161,0.1696,0.4107
9909425,March-2021,80,42,31,35,0,0.3875,0.4375,0.5250
9909425,November-2020,104,25,11,25,8,0.1058,0.2404,0.2404
9909435,December-2020,168,42,70,70,8,0.4167,0.4167,0.2500
9909435,February-2021,160,44,96,96,0,0.6000,0.6000,0.2750
9909435,January-2021,142,61,56,57,2,0.3944,0.4014,0.4296
9909435,March-2021,80,21,40,43,0,0.5000,0.5375,0.2625
9909435,November-2020,160,36,85,85,16,0.5313,0.5313,0.2250
9909435,October-2020,160,53,107,107,16,0.6688,0.6688,0.3313
10336425,December-2020,184,22,97,97,16,0.5272,0.5272,0.1196
10336425,February-2021,160,22,85,87,0,0.5313,0.5438,0.1375
10336425,January-2021,168,33,65,65,24,0.3869,0.3869,0.1964
10336425,March-2021,80,11,43,43,0,0.5375,0.5375,0.1375
10336425,November-2020,192,34,123,123,8,0.6406,0.6406,0.1771
10336425,October-2020,168,37,83,86,0,0.4940,0.5119,0.2202
10485725,December-2020,160,28,73,73,16,0.4563,0.4563,0.1750
10485725,February-2021,152,38,88,89,8,0.5789,0.5855,0.2500
10485725,January-2021,144,36,79,79,0,0.5486,0.5486,0.2500
10485725,March-2021,68,25,33,35,12,0.4853,0.5147,0.3676
10485725,November-2020,176,26,104,107,8,0.5909,0.6080,0.1477
10485725,October-2020,168,32,95,97,16,0.5655,0.5774,0.1905
10602175,December-2020,184,50,78,87,16,0.4239,0.4728,0.2717
10602175,February-2021,160,59,67,72,0,0.4188,0.4500,0.3688
10602175,January-2021,232,53,147,154,0,0.6336,0.6638,0.2284
10602175,March-2021,88,15,25,28,8,0.2841,0.3182,0.1705
10602175,November-2020,176,38,112,114,24,0.6364,0.6477,0.2159
10602175,October-2020,168,55,106,107,16,0.6310,0.6369,0.3274
11104875,December-2020,16,0,0,0,8,0.0000,0.0000,0.0000
11104875,February-2021,0,0,0,0,8,NULL,NULL,NULL
11104875,January-2021,32,0,0,0,8,0.0000,0.0000,0.0000
11104875,November-2020,64,0,0,0,16,0.0000,0.0000,0.0000
11254385,December-2020,184,17,102,116,16,0.5543,0.6304,0.0924
11254385,February-2021,176,12,89,99,0,0.5057,0.5625,0.0682
11254385,January-2021,200,10,91,121,16,0.4550,0.6050,0.0500
11254385,March-2021,8,1,4,5,0,0.5000,0.6250,0.1250
11254385,November-2020,176,7,105,119,24,0.5966,0.6761,0.0398
11254385,October-2020,168,18,74,100,8,0.4405,0.5952,0.1071
11259645,December-2020,168,21,61,61,16,0.3631,0.3631,0.1250
11259645,February-2021,149,35,106,106,11,0.7114,0.7114,0.2349
11259645,January-2021,140,26,92,94,12,0.6571,0.6714,0.1857
11259645,March-2021,76,20,26,30,4,0.3421,0.3947,0.2632
11259645,November-2020,176,31,69,69,8,0.3920,0.3920,0.1761
11259645,October-2020,176,22,132,132,16,0.7500,0.7500,0.1250
11259665,December-2020,148,31,64,77,36,0.4324,0.5203,0.2095
11259665,February-2021,152,64,69,85,8,0.4539,0.5592,0.4211
11259665,January-2021,140,69,60,73,12,0.4286,0.5214,0.4929
11259665,March-2021,80,25,14,36,0,0.1750,0.4500,0.3125
11259665,November-2020,172,46,96,106,20,0.5581,0.6163,0.2674
11259665,October-2020,162,44,89,111,14,0.5494,0.6852,0.2716
11271015,November-2020,0,0,0,0,8,NULL,NULL,NULL
11555625,December-2020,80,2,41,41,24,0.5125,0.5125,0.0250
11555625,February-2021,152,16,79,85,8,0.5197,0.5592,0.1053
11555625,January-2021,152,20,93,96,0,0.6118,0.6316,0.1316
11555625,March-2021,72,6,42,45,8,0.5833,0.6250,0.0833
11555625,November-2020,192,12,81,86,8,0.4219,0.4479,0.0625
11555625,October-2020,132,16,93,99,4,0.7045,0.7500,0.1212
11616065,December-2020,208,46,84,84,8,0.4038,0.4038,0.2212
11616065,February-2021,168,70,91,91,8,0.5417,0.5417,0.4167
11616065,January-2021,224,54,71,71,16,0.3170,0.3170,0.2411
11616065,March-2021,88,35,21,23,0,0.2386,0.2614,0.3977
11616065,November-2020,176,40,77,77,24,0.4375,0.4375,0.2273
11616065,October-2020,176,73,110,110,8,0.6250,0.6250,0.4148
11706375,December-2020,152,44,76,80,40,0.5000,0.5263,0.2895
11706375,February-2021,184,56,60,61,0,0.3261,0.3315,0.3043
11706375,January-2021,152,53,31,31,8,0.2039,0.2039,0.3487
11706375,March-2021,72,26,40,41,8,0.5556,0.5694,0.3611
11706375,November-2020,216,37,99,104,16,0.4583,0.4815,0.1713
11706375,October-2020,185,54,78,78,15,0.4216,0.4216,0.2919
11706405,December-2020,200,21,110,114,8,0.5500,0.5700,0.1050
11706405,February-2021,168,33,61,77,8,0.3631,0.4583,0.1964
11706405,January-2021,176,40,44,45,24,0.2500,0.2557,0.2273
11706405,March-2021,56,12,45,50,32,0.8036,0.8929,0.2143
11706405,November-2020,272,17,105,110,16,0.3860,0.4044,0.0625
11706405,October-2020,192,19,103,104,8,0.5365,0.5417,0.0990
11706435,December-2020,168,11,91,91,8,0.5417,0.5417,0.0655
11706435,February-2021,156,13,116,117,12,0.7436,0.7500,0.0833
11706435,January-2021,147,8,82,84,13,0.5578,0.5714,0.0544
11706435,March-2021,80,4,42,42,0,0.5250,0.5250,0.0500
11706435,November-2020,192,6,111,116,8,0.5781,0.6042,0.0313
11706435,October-2020,160,22,98,101,8,0.6125,0.6313,0.1375
11718605,December-2020,152,19,63,63,24,0.4145,0.4145,0.1250
11718605,February-2021,152,24,72,88,8,0.4737,0.5789,0.1579
11718605,January-2021,144,23,90,90,0,0.6250,0.6250,0.1597
11718605,March-2021,80,9,40,51,0,0.5000,0.6375,0.1125
11718605,November-2020,160,13,94,94,24,0.5875,0.5875,0.0813
11718605,October-2020,160,24,99,99,16,0.6188,0.6188,0.1500
11732615,December-2020,144,0,0,0,40,0.0000,0.0000,0.0000
11732615,February-2021,128,0,0,0,32,0.0000,0.0000,0.0000
11732615,January-2021,160,0,0,0,40,0.0000,0.0000,0.0000
11732615,March-2021,64,0,0,0,16,0.0000,0.0000,0.0000
11732615,November-2020,136,0,0,0,40,0.0000,0.0000,0.0000
11732615,October-2020,144,9,41,41,24,0.2847,0.2847,0.0625
11846585,December-2020,16,0,0,0,8,0.0000,0.0000,0.0000
11846585,November-2020,0,0,0,0,16,NULL,NULL,NULL
11846585,October-2020,8,0,0,0,16,0.0000,0.0000,0.0000
11888215,December-2020,160,23,91,97,16,0.5688,0.6063,0.1438
11888215,February-2021,160,24,98,108,0,0.6125,0.6750,0.1500
11888215,January-2021,152,38,73,83,0,0.4803,0.5461,0.2500
11888215,March-2021,80,26,47,53,0,0.5875,0.6625,0.3250
11888215,November-2020,160,21,96,109,16,0.6000,0.6813,0.1313
11888215,October-2020,176,26,109,121,0,0.6193,0.6875,0.1477
11890075,December-2020,184,24,56,58,16,0.3043,0.3152,0.1304
11890075,February-2021,168,67,65,96,8,0.3869,0.5714,0.3988
11890075,January-2021,216,58,77,91,0,0.3565,0.4213,0.2685
11890075,March-2021,80,27,55,59,0,0.6875,0.7375,0.3375
11890075,November-2020,160,41,96,99,24,0.6000,0.6188,0.2563
11890075,October-2020,176,53,128,128,0,0.7273,0.7273,0.3011
11893215,December-2020,150,15,80,86,26,0.5333,0.5733,0.1000
11893215,February-2021,152,23,96,104,8,0.6316,0.6842,0.1513
11893215,January-2021,152,27,78,84,0,0.5132,0.5526,0.1776
11893215,March-2021,72,13,47,51,8,0.6528,0.7083,0.1806
11893215,November-2020,144,23,44,54,16,0.3056,0.3750,0.1597
11893215,October-2020,64,12,43,50,16,0.6719,0.7813,0.1875
11893225,December-2020,120,15,84,89,0,0.7000,0.7417,0.1250
11893225,February-2021,152,34,66,68,0,0.4342,0.4474,0.2237
11893225,January-2021,152,21,66,70,0,0.4342,0.4605,0.1382
11893225,March-2021,80,11,22,22,0,0.2750,0.2750,0.1375
11893225,November-2020,184,27,94,103,0,0.5109,0.5598,0.1467
11893225,October-2020,160,32,63,74,0,0.3938,0.4625,0.2000
11893235,December-2020,32,7,15,15,0,0.4688,0.4688,0.2188
11893235,February-2021,160,7,82,82,0,0.5125,0.5125,0.0438
11893235,January-2021,152,13,89,89,0,0.5855,0.5855,0.0855
11893235,March-2021,80,9,36,36,0,0.4500,0.4500,0.1125
11893235,November-2020,128,32,100,106,0,0.7813,0.8281,0.2500
11893235,October-2020,96,12,129,138,0,1.3438,1.4375,0.1250
11893245,December-2020,96,6,99,104,0,1.0313,1.0833,0.0625
11893245,February-2021,160,16,133,137,0,0.8313,0.8563,0.1000
11893245,January-2021,152,21,106,110,0,0.6974,0.7237,0.1382
11893245,March-2021,80,15,72,74,0,0.9000,0.9250,0.1875
11893245,November-2020,200,8,116,125,0,0.5800,0.6250,0.0400
11893245,October-2020,160,31,93,104,0,0.5813,0.6500,0.1938
11893255,December-2020,156,16,96,103,20,0.6154,0.6603,0.1026
11893255,February-2021,160,19,69,97,0,0.4313,0.6063,0.1188
11893255,January-2021,152,30,96,107,0,0.6316,0.7039,0.1974
11893255,March-2021,80,7,71,71,0,0.8875,0.8875,0.0875
11893255,November-2020,192,16,81,92,8,0.4219,0.4792,0.0833
11893255,October-2020,160,20,69,74,8,0.4313,0.4625,0.1250
11893265,December-2020,184,24,89,141,16,0.4837,0.7663,0.1304
11893265,February-2021,160,30,70,99,0,0.4375,0.6188,0.1875
11893265,January-2021,184,29,33,78,8,0.1793,0.4239,0.1576
11893265,March-2021,80,0,16,16,0,0.2000,0.2000,0.0000
11893265,November-2020,200,26,54,127,0,0.2700,0.6350,0.1300
11893265,October-2020,168,40,28,72,0,0.1667,0.4286,0.2381
11970495,December-2020,16,1,6,6,0,0.3750,0.3750,0.0625
11970495,February-2021,160,11,56,56,0,0.3500,0.3500,0.0688
11970495,January-2021,96,7,37,37,0,0.3854,0.3854,0.0729
11970495,March-2021,80,3,22,22,0,0.2750,0.2750,0.0375
11970495,November-2020,0,0,0,0,8,NULL,NULL,NULL
11971735,December-2020,156,31,73,78,20,0.4679,0.5000,0.1987
11971735,January-2021,8,5,2,4,0,0.2500,0.5000,0.6250
11971735,November-2020,160,23,62,75,16,0.3875,0.4688,0.1438
11971735,October-2020,168,26,69,79,8,0.4107,0.4702,0.1548
11978995,December-2020,160,14,83,83,16,0.5188,0.5188,0.0875
11978995,February-2021,160,6,115,120,0,0.7188,0.7500,0.0375
11978995,January-2021,152,23,91,100,0,0.5987,0.6579,0.1513
11978995,March-2021,80,4,41,45,0,0.5125,0.5625,0.0500
11978995,November-2020,200,9,96,116,0,0.4800,0.5800,0.0450
11978995,October-2020,160,9,103,137,8,0.6438,0.8563,0.0563
11981165,December-2020,168,18,107,107,16,0.6369,0.6369,0.1071
11981165,February-2021,152,22,115,115,8,0.7566,0.7566,0.1447
11981165,January-2021,148,15,124,125,12,0.8378,0.8446,0.1014
11981165,March-2021,76,19,61,61,4,0.8026,0.8026,0.2500
11981165,November-2020,228,21,106,106,28,0.4649,0.4649,0.0921
11981165,October-2020,160,27,127,128,32,0.7938,0.8000,0.1688
12032125,December-2020,152,38,44,44,8,0.2895,0.2895,0.2500
12032125,February-2021,168,59,63,63,8,0.3750,0.3750,0.3512
12032125,January-2021,136,41,29,29,16,0.2132,0.2132,0.3015
12032125,March-2021,96,39,25,25,0,0.2604,0.2604,0.4063
12032125,November-2020,168,42,39,39,40,0.2321,0.2321,0.2500
12032125,October-2020,184,50,65,65,16,0.3533,0.3533,0.2717
12058185,December-2020,144,32,46,47,24,0.3194,0.3264,0.2222
12058185,February-2021,160,24,108,109,0,0.6750,0.6813,0.1500
12058185,January-2021,152,47,82,82,8,0.5395,0.5395,0.3092
12058185,March-2021,64,33,50,51,16,0.7813,0.7969,0.5156
12058185,November-2020,168,36,70,76,16,0.4167,0.4524,0.2143
12058185,October-2020,176,22,153,153,8,0.8693,0.8693,0.1250
12069295,December-2020,216,41,84,86,24,0.3889,0.3981,0.1898
12069295,February-2021,176,44,104,110,0,0.5909,0.6250,0.2500
12069295,January-2021,216,51,73,76,0,0.3380,0.3519,0.2361
12069295,March-2021,96,15,56,56,0,0.5833,0.5833,0.1563
12069295,November-2020,192,42,87,89,16,0.4531,0.4635,0.2188
12069295,October-2020,208,48,126,126,0,0.6058,0.6058,0.2308
12147145,December-2020,153,33,99,99,39,0.6471,0.6471,0.2157
12147145,February-2021,137,31,75,79,23,0.5474,0.5766,0.2263
12147145,January-2021,146,39,108,109,14,0.7397,0.7466,0.2671
12147145,March-2021,79,27,70,72,1,0.8861,0.9114,0.3418
12147145,November-2020,158,32,83,84,18,0.5253,0.5316,0.2025
12147145,October-2020,148,15,195,196,28,1.3176,1.3243,0.1014
12190435,December-2020,191,24,88,89,17,0.4607,0.4660,0.1257
12190435,February-2021,160,27,108,111,8,0.6750,0.6938,0.1688
12190435,January-2021,192,28,83,83,8,0.4323,0.4323,0.1458
12190435,March-2021,80,33,37,38,0,0.4625,0.4750,0.4125
12190435,November-2020,256,14,143,144,8,0.5586,0.5625,0.0547
12190435,October-2020,176,16,154,159,8,0.8750,0.9034,0.0909
12190475,December-2020,128,19,78,78,40,0.6094,0.6094,0.1484
12190475,February-2021,152,31,88,91,8,0.5789,0.5987,0.2039
12190475,January-2021,136,26,93,93,8,0.6838,0.6838,0.1912
12190475,March-2021,69,13,43,47,11,0.6232,0.6812,0.1884
12190475,November-2020,156,14,69,69,20,0.4423,0.4423,0.0897
12190475,October-2020,168,25,131,139,8,0.7798,0.8274,0.1488
12190485,December-2020,160,62,75,86,24,0.4688,0.5375,0.3875
12190485,February-2021,160,59,59,71,0,0.3688,0.4438,0.3688
12190485,January-2021,190,63,52,58,2,0.2737,0.3053,0.3316
12190485,March-2021,80,28,20,29,0,0.2500,0.3625,0.3500
12190485,November-2020,184,45,84,100,8,0.4565,0.5435,0.2446
12190485,October-2020,176,60,100,110,8,0.5682,0.6250,0.3409
12190535,December-2020,184,66,70,72,24,0.3804,0.3913,0.3587
12190535,February-2021,160,50,92,95,0,0.5750,0.5938,0.3125
12190535,January-2021,256,61,90,94,0,0.3516,0.3672,0.2383
12190535,March-2021,96,23,73,73,0,0.7604,0.7604,0.2396
12190535,November-2020,264,45,84,99,8,0.3182,0.3750,0.1705
12190535,October-2020,204,49,132,133,4,0.6471,0.6520,0.2402
12192015,December-2020,136,16,60,62,24,0.4412,0.4559,0.1176
12192015,February-2021,152,19,65,112,0,0.4276,0.7368,0.1250
12192015,January-2021,192,12,107,118,0,0.5573,0.6146,0.0625
12192015,March-2021,88,13,66,66,0,0.7500,0.7500,0.1477
12192015,November-2020,184,26,65,71,16,0.3533,0.3859,0.1413
12192015,October-2020,144,31,67,69,16,0.4653,0.4792,0.2153
12192095,December-2020,156,35,87,87,12,0.5577,0.5577,0.2244
12192095,February-2021,160,32,115,116,0,0.7188,0.7250,0.2000
12192095,January-2021,140,37,92,92,20,0.6571,0.6571,0.2643
12192095,March-2021,72,28,38,38,8,0.5278,0.5278,0.3889
12192095,November-2020,184,32,90,91,8,0.4891,0.4946,0.1739
12192095,October-2020,168,35,82,82,8,0.4881,0.4881,0.2083
12192165,December-2020,206,59,85,98,18,0.4126,0.4757,0.2864
12192165,February-2021,168,74,45,61,0,0.2679,0.3631,0.4405
12192165,January-2021,168,60,97,106,0,0.5774,0.6310,0.3571
12192165,March-2021,72,33,11,25,8,0.1528,0.3472,0.4583
12192165,November-2020,240,51,52,72,16,0.2167,0.3000,0.2125
12192165,October-2020,188,94,77,97,12,0.4096,0.5160,0.5000
12192175,December-2020,152,47,55,71,24,0.3618,0.4671,0.3092
12192175,February-2021,168,63,63,90,8,0.3750,0.5357,0.3750
12192175,January-2021,120,27,14,17,24,0.1167,0.1417,0.2250
12192175,March-2021,80,34,39,54,0,0.4875,0.6750,0.4250
12192175,November-2020,200,44,109,135,8,0.5450,0.6750,0.2200
12192175,October-2020,176,33,57,109,8,0.3239,0.6193,0.1875
12192195,December-2020,200,60,133,150,16,0.6650,0.7500,0.3000
12192195,February-2021,168,85,70,78,8,0.4167,0.4643,0.5060
12192195,January-2021,232,51,121,134,0,0.5216,0.5776,0.2198
12192195,March-2021,72,26,35,39,8,0.4861,0.5417,0.3611
12192195,November-2020,208,60,113,120,16,0.5433,0.5769,0.2885
12192195,October-2020,152,74,47,47,8,0.3092,0.3092,0.4868
12192205,December-2020,168,24,94,105,8,0.5595,0.6250,0.1429
12192205,February-2021,168,34,76,90,0,0.4524,0.5357,0.2024
12192205,January-2021,120,36,49,57,24,0.4083,0.4750,0.3000
12192205,March-2021,80,14,15,18,8,0.1875,0.2250,0.1750
12192205,November-2020,240,44,83,96,8,0.3458,0.4000,0.1833
12192205,October-2020,184,33,115,149,8,0.6250,0.8098,0.1793
12192225,December-2020,184,50,123,123,16,0.6685,0.6685,0.2717
12192225,February-2021,136,39,70,70,24,0.5147,0.5147,0.2868
12192225,January-2021,216,35,114,114,0,0.5278,0.5278,0.1620
12192225,March-2021,88,30,25,26,0,0.2841,0.2955,0.3409
12192225,November-2020,248,49,113,113,8,0.4556,0.4556,0.1976
12192225,October-2020,184,38,69,70,8,0.3750,0.3804,0.2065
12196975,November-2020,0,0,0,0,8,NULL,NULL,NULL
12263585,December-2020,168,8,92,92,8,0.5476,0.5476,0.0476
12263585,February-2021,160,16,96,97,0,0.6000,0.6063,0.1000
12263585,January-2021,136,20,53,54,8,0.3897,0.3971,0.1471
12263585,March-2021,80,6,59,61,0,0.7375,0.7625,0.0750
12263585,November-2020,192,5,119,127,8,0.6198,0.6615,0.0260
12263585,October-2020,168,26,131,136,0,0.7798,0.8095,0.1548
12263595,December-2020,160,46,45,45,16,0.2813,0.2813,0.2875
12263595,February-2021,152,41,149,157,8,0.9803,1.0329,0.2697
12263595,January-2021,136,45,33,39,16,0.2426,0.2868,0.3309
12263595,March-2021,72,24,62,65,8,0.8611,0.9028,0.3333
12263595,November-2020,168,54,62,62,32,0.3690,0.3690,0.3214
12263595,October-2020,152,73,101,101,24,0.6645,0.6645,0.4803
12263605,December-2020,160,10,75,75,8,0.4688,0.4688,0.0625
12263605,February-2021,152,13,101,101,8,0.6645,0.6645,0.0855
12263605,January-2021,168,12,97,97,0,0.5774,0.5774,0.0714
12263605,March-2021,72,6,42,42,8,0.5833,0.5833,0.0833
12263605,November-2020,160,12,91,91,16,0.5688,0.5688,0.0750
12263605,October-2020,176,22,122,122,0,0.6932,0.6932,0.1250
12263615,November-2020,0,0,0,0,8,NULL,NULL,NULL
12263645,December-2020,136,16,77,77,8,0.5662,0.5662,0.1176
12263645,February-2021,168,23,90,90,0,0.5357,0.5357,0.1369
12263645,January-2021,148,24,110,110,4,0.7432,0.7432,0.1622
12263645,March-2021,72,8,34,34,8,0.4722,0.4722,0.1111
12263645,November-2020,56,15,57,57,32,1.0179,1.0179,0.2679
12263645,October-2020,144,13,65,65,8,0.4514,0.4514,0.0903
12263655,February-2021,152,27,71,71,0,0.4671,0.4671,0.1776
12263655,January-2021,144,14,60,60,8,0.4167,0.4167,0.0972
12263655,March-2021,72,5,22,22,8,0.3056,0.3056,0.0694
12263655,November-2020,112,0,74,74,8,0.6607,0.6607,0.0000
12263655,October-2020,176,1,110,110,0,0.6250,0.6250,0.0057
12263665,December-2020,136,14,74,74,16,0.5441,0.5441,0.1029
12263665,February-2021,144,14,67,67,16,0.4653,0.4653,0.0972
12263665,January-2021,138,17,87,87,14,0.6304,0.6304,0.1232
12263665,March-2021,80,6,53,53,0,0.6625,0.6625,0.0750
12263665,November-2020,160,15,78,78,8,0.4875,0.4875,0.0938
12263665,October-2020,152,26,90,90,16,0.5921,0.5921,0.1711
12263685,December-2020,40,1,15,16,0,0.3750,0.4000,0.0250
12263685,November-2020,120,4,71,74,8,0.5917,0.6167,0.0333
12263685,October-2020,160,11,100,100,0,0.6250,0.6250,0.0688
12263695,December-2020,24,0,0,0,16,0.0000,0.0000,0.0000
12263695,February-2021,120,24,68,68,8,0.5667,0.5667,0.2000
12263695,January-2021,160,28,107,107,0,0.6688,0.6688,0.1750
12263695,March-2021,72,5,21,21,8,0.2917,0.2917,0.0694
12263695,November-2020,96,6,52,52,8,0.5417,0.5417,0.0625
12263695,October-2020,168,10,112,112,8,0.6667,0.6667,0.0595
12263705,December-2020,150,39,66,67,18,0.4400,0.4467,0.2600
12263705,February-2021,160,51,80,81,0,0.5000,0.5063,0.3188
12263705,January-2021,136,46,72,72,8,0.5294,0.5294,0.3382
12263705,March-2021,72,13,27,27,8,0.3750,0.3750,0.1806
12263705,November-2020,160,45,69,80,16,0.4313,0.5000,0.2813
12263705,October-2020,160,32,118,118,16,0.7375,0.7375,0.2000
12263725,February-2021,160,18,85,90,0,0.5313,0.5625,0.1125
12263725,January-2021,64,2,55,55,0,0.8594,0.8594,0.0313
12263725,March-2021,40,9,28,28,0,0.7000,0.7000,0.2250
12263725,November-2020,0,0,0,0,8,NULL,NULL,NULL
12263725,October-2020,16,0,16,16,0,1.0000,1.0000,0.0000
12263745,December-2020,64,6,32,32,0,0.5000,0.5000,0.0938
12263745,February-2021,136,25,61,61,0,0.4485,0.4485,0.1838
12263745,January-2021,136,21,60,60,0,0.4412,0.4412,0.1544
12263745,March-2021,56,9,34,34,0,0.6071,0.6071,0.1607
12263745,November-2020,80,7,53,53,8,0.6625,0.6625,0.0875
12263745,October-2020,128,11,68,68,0,0.5313,0.5313,0.0859
12263755,February-2021,144,7,55,55,8,0.3819,0.3819,0.0486
12263755,January-2021,80,4,51,51,0,0.6375,0.6375,0.0500
12263755,March-2021,80,5,75,75,0,0.9375,0.9375,0.0625
12263755,November-2020,160,3,85,85,8,0.5313,0.5313,0.0188
12263755,October-2020,200,11,118,118,0,0.5900,0.5900,0.0550
12263765,December-2020,184,27,88,93,16,0.4783,0.5054,0.1467
12263765,February-2021,176,56,18,58,0,0.1023,0.3295,0.3182
12263765,January-2021,152,54,25,48,0,0.1645,0.3158,0.3553
12263765,March-2021,112,31,24,38,0,0.2143,0.3393,0.2768
12263765,November-2020,256,22,82,84,24,0.3203,0.3281,0.0859
12263765,October-2020,224,32,126,127,0,0.5625,0.5670,0.1429
12263775,December-2020,104,4,69,69,0,0.6635,0.6635,0.0385
12263775,February-2021,160,21,84,84,0,0.5250,0.5250,0.1313
12263775,January-2021,80,9,47,47,0,0.5875,0.5875,0.1125
12263775,March-2021,80,5,46,46,0,0.5750,0.5750,0.0625
12263775,November-2020,120,7,69,73,8,0.5750,0.6083,0.0583
12263775,October-2020,112,5,68,69,8,0.6071,0.6161,0.0446
12263785,December-2020,176,0,88,88,0,0.5000,0.5000,0.0000
12263785,February-2021,152,6,79,79,16,0.5197,0.5197,0.0395
12263785,January-2021,192,1,105,105,0,0.5469,0.5469,0.0052
12263785,March-2021,80,0,51,51,0,0.6375,0.6375,0.0000
12263785,November-2020,160,6,36,36,16,0.2250,0.2250,0.0375
12263785,October-2020,136,2,8,8,40,0.0588,0.0588,0.0147
12263795,December-2020,80,0,25,25,0,0.3125,0.3125,0.0000
12263795,February-2021,160,9,121,121,0,0.7563,0.7563,0.0563
12263795,January-2021,112,3,64,64,0,0.5714,0.5714,0.0268
12263795,March-2021,80,4,42,42,0,0.5250,0.5250,0.0500
12263795,November-2020,40,0,8,8,8,0.2000,0.2000,0.0000
12263795,October-2020,16,1,8,8,0,0.5000,0.5000,0.0625
12263805,December-2020,80,6,35,35,0,0.4375,0.4375,0.0750
12263805,February-2021,160,14,116,116,0,0.7250,0.7250,0.0875
12263805,January-2021,72,9,40,40,0,0.5556,0.5556,0.1250
12263805,March-2021,80,7,58,58,0,0.7250,0.7250,0.0875
12263805,November-2020,120,19,74,74,24,0.6167,0.6167,0.1583
12263805,October-2020,48,6,28,28,0,0.5833,0.5833,0.1250
12263815,December-2020,141,32,72,72,35,0.5106,0.5106,0.2270
12263815,February-2021,160,38,126,127,0,0.7875,0.7938,0.2375
12263815,January-2021,144,42,91,92,0,0.6319,0.6389,0.2917
12263815,March-2021,80,28,36,37,0,0.4500,0.4625,0.3500
12263815,November-2020,136,6,0,0,40,0.0000,0.0000,0.0441
12263815,October-2020,136,0,0,0,40,0.0000,0.0000,0.0000
12263835,December-2020,128,22,100,100,0,0.7813,0.7813,0.1719
12263835,February-2021,192,33,88,88,0,0.4583,0.4583,0.1719
12263835,January-2021,168,18,111,111,0,0.6607,0.6607,0.1071
12263835,March-2021,112,16,49,49,0,0.4375,0.4375,0.1429
12263835,November-2020,208,28,116,116,8,0.5577,0.5577,0.1346
12263835,October-2020,168,27,113,113,0,0.6726,0.6726,0.1607
12263845,December-2020,173,20,25,25,11,0.1445,0.1445,0.1156
12263845,February-2021,160,18,37,37,0,0.2313,0.2313,0.1125
12263845,January-2021,160,26,30,30,0,0.1875,0.1875,0.1625
12263845,March-2021,80,8,19,19,0,0.2375,0.2375,0.1000
12263845,November-2020,144,10,14,14,40,0.0972,0.0972,0.0694
12263845,October-2020,176,24,44,44,0,0.2500,0.2500,0.1364
12263855,December-2020,208,10,112,112,8,0.5385,0.5385,0.0481
12263855,February-2021,192,21,83,83,0,0.4323,0.4323,0.1094
12263855,January-2021,232,23,96,96,8,0.4138,0.4138,0.0991
12263855,March-2021,88,12,63,63,0,0.7159,0.7159,0.1364
12263855,November-2020,256,18,85,87,8,0.3320,0.3398,0.0703
12263855,October-2020,184,21,94,97,8,0.5109,0.5272,0.1141
12263865,December-2020,16,3,9,9,0,0.5625,0.5625,0.1875
12263865,February-2021,120,17,99,99,0,0.8250,0.8250,0.1417
12263865,January-2021,160,11,116,116,0,0.7250,0.7250,0.0688
12263865,March-2021,48,1,27,27,0,0.5625,0.5625,0.0208
12263865,November-2020,0,0,0,0,8,NULL,NULL,NULL
12263875,December-2020,48,3,36,36,0,0.7500,0.7500,0.0625
12263875,February-2021,160,29,89,89,0,0.5563,0.5563,0.1813
12263875,January-2021,152,17,105,105,0,0.6908,0.6908,0.1118
12263875,March-2021,80,8,50,50,0,0.6250,0.6250,0.1000
12263875,November-2020,168,28,99,99,8,0.5893,0.5893,0.1667
12263875,October-2020,88,12,43,43,0,0.4886,0.4886,0.1364
12263885,December-2020,128,0,10,10,40,0.0781,0.0781,0.0000
12263885,February-2021,168,16,100,100,0,0.5952,0.5952,0.0952
12263885,January-2021,152,16,90,90,0,0.5921,0.5921,0.1053
12263885,March-2021,80,7,50,50,0,0.6250,0.6250,0.0875
12263885,November-2020,160,4,84,84,16,0.5250,0.5250,0.0250
12263885,October-2020,200,12,184,184,0,0.9200,0.9200,0.0600
12263905,December-2020,32,0,0,0,8,0.0000,0.0000,0.0000
12263905,February-2021,136,50,65,65,0,0.4779,0.4779,0.3676
12263905,January-2021,160,57,86,86,0,0.5375,0.5375,0.3563
12263905,March-2021,80,21,20,20,0,0.2500,0.2500,0.2625
12263905,November-2020,32,9,54,54,8,1.6875,1.6875,0.2813
12263905,October-2020,96,20,82,82,0,0.8542,0.8542,0.2083
12263915,December-2020,80,1,56,56,0,0.7000,0.7000,0.0125
12263915,February-2021,160,11,121,121,0,0.7563,0.7563,0.0688
12263915,January-2021,144,8,79,79,0,0.5486,0.5486,0.0556
12263915,March-2021,80,6,47,47,0,0.5875,0.5875,0.0750
12263915,November-2020,40,1,9,9,8,0.2250,0.2250,0.0250
12263915,October-2020,112,5,75,75,0,0.6696,0.6696,0.0446
12263925,February-2021,160,19,106,106,0,0.6625,0.6625,0.1188
12263925,January-2021,152,14,99,99,0,0.6513,0.6513,0.0921
12263925,March-2021,88,12,62,62,0,0.7045,0.7045,0.1364
12263925,November-2020,0,0,0,0,8,NULL,NULL,NULL
12263925,October-2020,96,14,72,72,0,0.7500,0.7500,0.1458
12263935,December-2020,64,0,0,0,24,0.0000,0.0000,0.0000
12263935,February-2021,160,29,104,104,0,0.6500,0.6500,0.1813
12263935,January-2021,152,27,78,78,0,0.5132,0.5132,0.1776
12263935,March-2021,80,11,70,70,0,0.8750,0.8750,0.1375
12263935,November-2020,24,9,18,18,8,0.7500,0.7500,0.3750
12263935,October-2020,40,5,18,18,0,0.4500,0.4500,0.1250
12263945,February-2021,72,1,30,30,16,0.4167,0.4167,0.0139
12263945,January-2021,136,5,97,97,0,0.7132,0.7132,0.0368
12263945,March-2021,80,7,61,61,0,0.7625,0.7625,0.0875
12263945,November-2020,32,5,36,36,16,1.1250,1.1250,0.1563
12263945,October-2020,56,1,23,23,8,0.4107,0.4107,0.0179
12263955,December-2020,180,19,72,72,20,0.4000,0.4000,0.1056
12263955,February-2021,160,35,91,91,0,0.5688,0.5688,0.2188
12263955,January-2021,120,8,36,36,32,0.3000,0.3000,0.0667
12263955,March-2021,72,13,40,40,8,0.5556,0.5556,0.1806
12263955,November-2020,72,8,29,29,16,0.4028,0.4028,0.1111
12263975,December-2020,176,15,105,110,0,0.5966,0.6250,0.0852
12263975,February-2021,152,10,102,108,8,0.6711,0.7105,0.0658
12263975,January-2021,160,13,105,109,0,0.6563,0.6813,0.0813
12263975,March-2021,80,6,54,56,0,0.6750,0.7000,0.0750
12263975,November-2020,192,13,104,111,0,0.5417,0.5781,0.0677
12263975,October-2020,176,19,140,150,0,0.7955,0.8523,0.1080
12263985,December-2020,160,6,81,85,16,0.5063,0.5313,0.0375
12263985,February-2021,144,11,97,99,16,0.6736,0.6875,0.0764
12263985,January-2021,144,8,66,70,0,0.4583,0.4861,0.0556
12263985,March-2021,80,12,49,51,0,0.6125,0.6375,0.1500
12263985,November-2020,192,9,78,87,0,0.4063,0.4531,0.0469
12263985,October-2020,176,6,83,92,0,0.4716,0.5227,0.0341
12292995,December-2020,200,46,105,105,8,0.5250,0.5250,0.2300
12292995,February-2021,168,32,80,80,0,0.4762,0.4762,0.1905
12292995,January-2021,192,31,114,114,0,0.5938,0.5938,0.1615
12292995,March-2021,88,20,43,44,0,0.4886,0.5000,0.2273
12292995,November-2020,192,17,102,102,16,0.5313,0.5313,0.0885
12292995,October-2020,164,30,108,108,12,0.6585,0.6585,0.1829
12293005,December-2020,152,13,53,53,32,0.3487,0.3487,0.0855
12293005,February-2021,160,26,94,104,8,0.5875,0.6500,0.1625
12293005,January-2021,152,28,77,77,0,0.5066,0.5066,0.1842
12293005,March-2021,50,6,13,13,30,0.2600,0.2600,0.1200
12293005,November-2020,164,23,81,81,28,0.4939,0.4939,0.1402
12293005,October-2020,176,35,110,110,0,0.6250,0.6250,0.1989
12293015,December-2020,144,26,65,65,40,0.4514,0.4514,0.1806
12293015,February-2021,160,45,118,119,0,0.7375,0.7438,0.2813
12293015,January-2021,168,35,68,68,16,0.4048,0.4048,0.2083
12293015,March-2021,72,16,45,45,8,0.6250,0.6250,0.2222
12293015,November-2020,168,33,102,102,16,0.6071,0.6071,0.1964
12293015,October-2020,172,29,134,134,4,0.7791,0.7791,0.1686
12468535,December-2020,136,28,70,75,40,0.5147,0.5515,0.2059
12468535,February-2021,144,37,73,76,16,0.5069,0.5278,0.2569
12468535,January-2021,140,25,72,77,4,0.5143,0.5500,0.1786
12468535,March-2021,80,23,50,50,0,0.6250,0.6250,0.2875
12468535,November-2020,156,25,89,106,20,0.5705,0.6795,0.1603
12468535,October-2020,160,29,116,123,16,0.7250,0.7688,0.1813
12507565,December-2020,156,45,61,61,20,0.3910,0.3910,0.2885
12507565,February-2021,160,20,78,78,0,0.4875,0.4875,0.1250
12507565,January-2021,144,25,72,72,0,0.5000,0.5000,0.1736
12507565,March-2021,56,5,29,29,24,0.5179,0.5179,0.0893
12507565,November-2020,152,30,49,49,24,0.3224,0.3224,0.1974
12507565,October-2020,168,22,103,103,8,0.6131,0.6131,0.1310
12514355,December-2020,168,37,57,113,16,0.3393,0.6726,0.2202
12514355,February-2021,168,40,86,111,0,0.5119,0.6607,0.2381
12514355,January-2021,80,40,39,46,0,0.4875,0.5750,0.5000
12514355,March-2021,40,18,14,19,0,0.3500,0.4750,0.4500
12514355,November-2020,192,39,102,146,16,0.5313,0.7604,0.2031
12514355,October-2020,184,38,79,152,0,0.4293,0.8261,0.2065
12517615,December-2020,102,40,12,14,10,0.1176,0.1373,0.3922
12517615,November-2020,238,77,15,29,18,0.0630,0.1218,0.3235
12517615,October-2020,213,98,22,40,3,0.1033,0.1878,0.4601
12528815,December-2020,148,12,62,62,28,0.4189,0.4189,0.0811
12528815,February-2021,160,37,100,100,0,0.6250,0.6250,0.2313
12528815,January-2021,144,18,67,67,0,0.4653,0.4653,0.1250
12528815,March-2021,80,19,51,51,0,0.6375,0.6375,0.2375
12528815,November-2020,160,17,66,66,24,0.4125,0.4125,0.1063
12528815,October-2020,184,26,99,99,0,0.5380,0.5380,0.1413
12550685,December-2020,144,29,74,86,32,0.5139,0.5972,0.2014
12550685,February-2021,176,30,86,86,0,0.4886,0.4886,0.1705
12550685,January-2021,152,11,82,83,16,0.5395,0.5461,0.0724
12550685,March-2021,64,15,42,42,16,0.6563,0.6563,0.2344
12550685,November-2020,188,13,79,81,20,0.4202,0.4309,0.0691
12550685,October-2020,172,31,103,107,4,0.5988,0.6221,0.1802
12602345,December-2020,192,15,107,117,8,0.5573,0.6094,0.0781
12602345,February-2021,160,16,99,111,16,0.6188,0.6938,0.1000
12602345,January-2021,192,14,69,82,8,0.3594,0.4271,0.0729
12602345,March-2021,80,15,42,45,0,0.5250,0.5625,0.1875
12602345,November-2020,200,11,100,116,8,0.5000,0.5800,0.0550
12602345,October-2020,168,15,80,100,8,0.4762,0.5952,0.0893
12673335,December-2020,168,33,66,71,8,0.3929,0.4226,0.1964
12673335,February-2021,160,57,78,87,0,0.4875,0.5438,0.3563
12673335,January-2021,144,37,61,68,8,0.4236,0.4722,0.2569
12673335,March-2021,80,18,37,44,0,0.4625,0.5500,0.2250
12673335,November-2020,184,45,66,75,16,0.3587,0.4076,0.2446
12673335,October-2020,168,60,69,75,0,0.4107,0.4464,0.3571
12992345,December-2020,168,19,104,106,8,0.6190,0.6310,0.1131
12992345,February-2021,135,21,107,109,25,0.7926,0.8074,0.1556
12992345,January-2021,144,30,65,65,8,0.4514,0.4514,0.2083
12992345,March-2021,80,17,48,48,0,0.6000,0.6000,0.2125
12992345,November-2020,189,37,75,79,11,0.3968,0.4180,0.1958
12992345,October-2020,168,42,109,114,8,0.6488,0.6786,0.2500
13078165,December-2020,160,9,101,101,0,0.6313,0.6313,0.0563
13078165,February-2021,157,22,66,66,11,0.4204,0.4204,0.1401
13078165,January-2021,152,23,58,58,8,0.3816,0.3816,0.1513
13078165,March-2021,88,20,52,52,0,0.5909,0.5909,0.2273
13078165,November-2020,168,7,57,57,16,0.3393,0.3393,0.0417
13078165,October-2020,176,16,147,148,0,0.8352,0.8409,0.0909
13078255,December-2020,144,8,64,64,16,0.4444,0.4444,0.0556
13078255,February-2021,160,25,100,100,0,0.6250,0.6250,0.1563
13078255,January-2021,104,8,53,53,16,0.5096,0.5096,0.0769
13078255,March-2021,80,4,40,40,0,0.5000,0.5000,0.0500
13078255,November-2020,168,9,82,82,8,0.4881,0.4881,0.0536
13078255,October-2020,152,15,94,95,16,0.6184,0.6250,0.0987
13104215,December-2020,152,26,113,124,24,0.7434,0.8158,0.1711
13104215,February-2021,172,32,89,95,4,0.5174,0.5523,0.1860
13104215,January-2021,144,35,59,61,8,0.4097,0.4236,0.2431
13104215,March-2021,80,12,77,77,0,0.9625,0.9625,0.1500
13104215,November-2020,208,27,195,200,8,0.9375,0.9615,0.1298
13104215,October-2020,160,38,121,130,24,0.7563,0.8125,0.2375
13104245,December-2020,168,16,89,89,8,0.5298,0.5298,0.0952
13104245,February-2021,148,11,99,99,12,0.6689,0.6689,0.0743
13104245,January-2021,144,18,51,51,16,0.3542,0.3542,0.1250
13104245,March-2021,80,6,46,49,0,0.5750,0.6125,0.0750
13104245,November-2020,192,9,73,73,8,0.3802,0.3802,0.0469
13104245,October-2020,152,19,117,117,16,0.7697,0.7697,0.1250
13216745,December-2020,152,22,112,117,24,0.7368,0.7697,0.1447
13216745,February-2021,140,32,104,107,20,0.7429,0.7643,0.2286
13216745,January-2021,144,23,129,130,8,0.8958,0.9028,0.1597
13216745,March-2021,72,16,48,49,8,0.6667,0.6806,0.2222
13216745,November-2020,232,24,148,148,16,0.6379,0.6379,0.1034
13216745,October-2020,184,33,167,168,16,0.9076,0.9130,0.1793
13264205,November-2020,56,3,11,20,0,0.1964,0.3571,0.0536
13264205,October-2020,168,22,10,66,16,0.0595,0.3929,0.1310
