Opportunity_ID, Services_Budget ,Sales_Close_Date
0062J00000ntSUaQAM," $134,200.00 ",31/03/2021
0062J00000ntsXgQAI," $88,122.38 ",31/03/2021
0062J00000oElSSQA0," $4,375.00 ",31/03/2021
0062J00000oEzxEQAS," $6,450.00 ",31/03/2021
0062J00000oF2FgQAK," $10,000.00 ",31/03/2021
0062J00000qEJMzQAO," $65,437.00 ",31/03/2021
0062J00000qELYsQAO," $22,400.00 ",31/03/2021
0062J00000qEN9rQAG," $3,750.00 ",31/03/2021
0062J00000qF3KkQAK," $7,902.09 ",31/03/2021
0062J00000qFALDQA4," $29,450.00 ",31/03/2021
0062J00000qFeeYQAS," $4,500.00 ",31/03/2021
0062J00000qFFytQAG," $51,993.01 ",31/03/2021
0062J00000qFjATQA0," $28,500.00 ",31/03/2021
0062J00000qFR9DQAW," $33,300.00 ",31/03/2021
0062J00000qFteFQAS," $15,487.80 ",31/03/2021
0062J00000qFVLzQAO, $500.00 ,31/03/2021
0062J00000qG4Z4QAK," $33,500.00 ",31/03/2021
0062J00000qG9KvQAK," $35,250.00 ",31/03/2021
0062J00000qGAWtQAO," $8,400.00 ",31/03/2021
0062J00000qGbEDQA0," $8,000.00 ",31/03/2021
0062J00000qGclcQAC," $12,000.00 ",31/03/2021
0062J00000qGeCoQAK," $84,760.56 ",31/03/2021
0062J00000qGEUzQAO," $17,250.00 ",31/03/2021
0062J00000qGgDeQAK," $2,307.69 ",31/03/2021
0062J00000qGGMEQA4," $8,400.00 ",31/03/2021
0062J00000qGhKWQA0," $72,225.00 ",31/03/2021
0062J00000qGiGpQAK," $18,292.68 ",31/03/2021
0062J00000qGKggQAG," $44,300.00 ",31/03/2021
0062J00000qGLUqQAO," $15,000.00 ",31/03/2021
0062J00000qGQ0XQAW," $23,175.00 ",31/03/2021
0062J00000qGQpvQAG," $8,500.00 ",31/03/2021
0062J00000qGT9AQAW," $96,720.00 ",31/03/2021
0062J00000qGVn9QAG," $7,325.00 ",31/03/2021
0062J00000qGVnOQAW," $8,500.00 ",31/03/2021
0062J00000qGWE8QAO," $62,250.00 ",31/03/2021
0062J00000qGX6FQAW," $8,500.00 ",31/03/2021
0062J00000qhYvWQAU," $32,250.00 ",31/03/2021
0062J00000qPjqeQAC," $101,495.57 ",31/03/2021
0062J00000qPtkdQAC," $148,000.00 ",31/03/2021
0062J00000qQ9byQAC," $70,140.00 ",31/03/2021
0062J00000qGBBDQA4," $7,210.00 ",29/03/2021
0062J00000qPiBXQA0," $14,134.84 ",29/03/2021
0062J00000ntyzwQAA," $5,208.50 ",26/03/2021
0062J00000q8uHtQAI," $16,923.08 ",26/03/2021
0062J00000qEExzQAG," $30,000.00 ",26/03/2021
0062J00000qFErSQAW," $39,999.00 ",26/03/2021
0062J00000qFlBIQA0," $6,000.00 ",26/03/2021
0062J00000qFlCVQA0," $13,674.75 ",26/03/2021
0062J00000qG3FhQAK," $131,780.00 ",26/03/2021
0062J00000qG4naQAC," $5,000.00 ",26/03/2021
0062J00000qG9vHQAS," $15,253.00 ",26/03/2021
0062J00000qGAFjQAO," $4,200.00 ",26/03/2021
0062J00000qGDNyQAO," $35,000.00 ",26/03/2021
0062J00000qGJAjQAO," $115,000.00 ",26/03/2021
0062J00000qGVqdQAG," $8,000.00 ",26/03/2021
0062J00000qGZRMQA4," $67,500.00 ",26/03/2021
0062J00000qhlzrQAA," $7,200.00 ",26/03/2021
0062J00000qPsiZQAS," $18,000.00 ",26/03/2021
0062J00000qFz5ZQAS," $45,000.00 ",25/03/2021
0062J00000qFLcEQAW," $58,223.55 ",23/03/2021
0062J00000qGK93QAG," $14,880.00 ",23/03/2021
0062J00000qFhBoQAK," $55,610.00 ",19/03/2021
0062J00000qFRcZQAW," $156,125.00 ",19/03/2021
0062J00000qGVfyQAG," $3,082.50 ",19/03/2021
0062J00000qGZPLQA4," $10,000.00 ",19/03/2021
0062J00000qPsieQAC," $3,500.00 ",19/03/2021
0062J00000qQ6XLQA0," $195,845.60 ",19/03/2021
0062J00000qF8otQAC," $384,350.00 ",18/03/2021
0062J00000qFnHFQA0," $3,076.92 ",18/03/2021
0062J00000qGXGKQA4, $645.00 ,18/03/2021
0062J00000qFCjGQAW," $44,200.00 ",17/03/2021
0062J00000qFotAQAS," $4,369.06 ",12/03/2021
0062J00000qFpSsQAK," $47,036.59 ",12/03/2021
0062J00000qG8xSQAS," $1,000.00 ",12/03/2021
0062J00000qGahxQAC, $813.41 ,12/03/2021
0062J00000qGMtrQAG," $11,500.00 ",12/03/2021
0062J00000qGRW3QAO," $19,000.00 ",12/03/2021
0062J00000qGVErQAO," $9,600.00 ",12/03/2021
0062J00000qGWpYQAW," $2,100.00 ",12/03/2021
0062J00000qhcvzQAA," $19,230.77 ",12/03/2021
0062J00000qhd4rQAA," $3,846.15 ",12/03/2021
0062J00000qhXtpQAE," $58,384.15 ",12/03/2021
0062J00000qhYkEQAU," $22,554.88 ",12/03/2021
0062J00000qPsXCQA0," $30,000.00 ",12/03/2021
0062J00000qQ0HtQAK," $4,883.56 ",12/03/2021
0062J00000qErUqQAK," $17,500.00 ",11/03/2021
0062J00000qFRSVQA4," $2,250.00 ",11/03/2021
0062J00000qGCfTQAW," $147,254.00 ",11/03/2021
0062J00000qGOsXQAW," $16,000.00 ",11/03/2021
0062J00000nu9uNQAQ," $18,700.00 ",10/03/2021
0062J00000qFlNBQA0," $16,200.00 ",10/03/2021
0062J00000qFYaaQAG," $553,102.74 ",10/03/2021
0062J00000qGBSOQA4," $7,671.23 ",10/03/2021
0062J00000qGCtkQAG," $66,000.00 ",10/03/2021
0062J00000qGk5uQAC, $213.97 ,10/03/2021
0062J00000qGPdiQAG," $2,054.79 ",10/03/2021
0062J00000qGTXLQA4," $5,915.00 ",10/03/2021
0062J00000qGYk8QAG," $55,450.00 ",10/03/2021
0062J00000qhb83QAA," $1,020.00 ",10/03/2021
0062J00000qhbP5QAI," $12,726.92 ",10/03/2021
0062J00000qhXxIQAU," $13,076.92 ",10/03/2021
0062J00000nLFQgQAO," $516,000.00 ",09/03/2021
0062J00000ntJtmQAE," $32,852.32 ",09/03/2021
0062J00000ntKpVQAU," $1,774,490.00 ",09/03/2021
0062J00000ntr0bQAA," $54,078.48 ",09/03/2021
0062J00000oFB7AQAW," $32,852.32 ",09/03/2021
0062J00000oppNWQAY," $20,000.00 ",09/03/2021
0062J00000qEhD7QAK," $32,852.32 ",09/03/2021
0062J00000qEoUVQA0," $113,280.00 ",09/03/2021
0062J00000qF04MQAS," $13,483.75 ",09/03/2021
0062J00000qFBAWQA4," $32,852.32 ",09/03/2021
0062J00000qFdcNQAS," $35,352.32 ",09/03/2021
0062J00000qGA95QAG," $34,852.32 ",09/03/2021
0062J00000qGCyiQAG," $3,230.77 ",09/03/2021
0062J00000qGgHHQA0," $4,423.08 ",09/03/2021
0062J00000qhfFcQAI," $3,615.38 ",09/03/2021
0062J00000qQCGeQAO," $35,352.32 ",09/03/2021
0062J00000opuxaQAA," $13,500.00 ",08/03/2021
0062J00000oqBB3QAM," $83,086.99 ",08/03/2021
0062J00000qEm3vQAC," $30,000.00 ",08/03/2021
0062J00000qF3KQQA0," $40,216.79 ",08/03/2021
0062J00000qFBB4QAO," $3,907.69 ",08/03/2021
0062J00000qGg0QQAS," $4,750.00 ",08/03/2021
0062J00000qGgHvQAK," $2,121.21 ",08/03/2021
0062J00000qGjwiQAC," $7,138.90 ",08/03/2021
0062J00000qGP4OQAW," $21,850.00 ",08/03/2021
0062J00000qGU0hQAG," $37,000.00 ",08/03/2021
0062J00000qPvPXQA0," $40,325.00 ",08/03/2021
0062J00000qFj3HQAS," $9,000.00 ",05/03/2021
0062J00000qGEmFQAW," $47,952.00 ",05/03/2021
0062J00000qGlbhQAC," $2,083.85 ",05/03/2021
0062J00000qGUA8QAO," $23,375.00 ",05/03/2021
0062J00000qGWfdQAG," $1,500.00 ",05/03/2021
0062J00000qGWfEQAW," $1,500.00 ",05/03/2021
0062J00000qhbAiQAI," $2,331.71 ",05/03/2021
0065000000jwpkEAAQ," $177,205.88 ",05/03/2021
0062J00000nsqbFQAQ," $37,500.00 ",04/03/2021
0062J00000qFiSfQAK," $8,500.00 ",04/03/2021
0062J00000qFv4TQAS," $32,382.90 ",04/03/2021
0062J00000qGEMmQAO," $5,000.00 ",04/03/2021
0062J00000qGXRIQA4," $38,746.00 ",04/03/2021
0062J00000qPsWnQAK," $5,000.00 ",04/03/2021
0062J00000ntVydQAE," $46,520.00 ",03/03/2021
0062J00000opzHSQAY," $120,525.00 ",03/03/2021
0062J00000oqHM5QAM," $27,900.00 ",03/03/2021
0062J00000qFgceQAC," $10,000.00 ",03/03/2021
0062J00000qGg5VQAS," $1,000.00 ",03/03/2021
0062J00000ooLw5QAE," $13,038.46 ",02/03/2021
0062J00000opwN2QAI," $549,151.69 ",02/03/2021
0062J00000qFBroQAG," $70,184.93 ",02/03/2021
0062J00000qFMx8QAG," $465,510.00 ",02/03/2021
0062J00000qFNWrQAO," $15,560.00 ",02/03/2021
0062J00000qG5KZQA0," $4,230.77 ",02/03/2021
0062J00000qGEmUQAW," $4,230.77 ",02/03/2021
0062J00000qGks3QAC, $-   ,02/03/2021
0062J00000qGLCcQAO," $415,000.00 ",02/03/2021
0062J00000qGLelQAG," $6,889.21 ",02/03/2021
0062J00000qGV6OQAW," $6,524.00 ",02/03/2021
0062J00000qQ4H6QAK," $4,755.24 ",02/03/2021
0062J00000opopUQAQ," $21,602.00 ",01/03/2021
0062J00000qEmCjQAK," $13,422.82 ",01/03/2021
0062J00000qFGxbQAG," $8,500.00 ",01/03/2021
0062J00000qFKLJQA4," $70,000.00 ",01/03/2021
0062J00000qFtnHQAS," $18,468.46 ",01/03/2021
0062J00000qG6NoQAK," $23,375.00 ",01/03/2021
0062J00000qGa2KQAS," $6,750.00 ",01/03/2021
0062J00000qGjz8QAC," $5,769.23 ",01/03/2021
0062J00000qGk9XQAS," $2,439.02 ",01/03/2021
0062J00000qGKbWQAW," $47,945.70 ",01/03/2021
0062J00000qGkgRQAS," $26,830.00 ",01/03/2021
0062J00000qGOQMQA4," $115,665.86 ",01/03/2021
0062J00000qGPMcQAO," $140,364.34 ",01/03/2021
0062J00000qGYqzQAG," $5,076.92 ",01/03/2021
0062J00000qEoeQQAS," $85,000.00 ",26/02/2021
0062J00000qExo5QAC," $2,500.00 ",26/02/2021
0062J00000qF7VNQA0," $15,250.00 ",26/02/2021
0062J00000qF8YGQA0," $132,875.00 ",26/02/2021
0062J00000qFkUxQAK," $12,842.47 ",26/02/2021
0062J00000qFmcgQAC," $78,000.00 ",26/02/2021
0062J00000qFrPfQAK," $25,878.30 ",26/02/2021
0062J00000qFw6XQAS," $29,615.00 ",26/02/2021
0062J00000qFZBOQA4," $13,300.00 ",26/02/2021
0062J00000qG6n3QAC," $26,455.00 ",26/02/2021
0062J00000qGHNiQAO," $15,789.00 ",26/02/2021
0062J00000qGhxYQAS," $11,538.46 ",26/02/2021
0062J00000qGUlzQAG," $15,500.00 ",26/02/2021
0062J00000qhko8QAA," $18,789.00 ",26/02/2021
0062J00000on3HSQAY," $248,740.00 ",25/02/2021
0062J00000qEGoQQAW," $21,747.34 ",25/02/2021
0062J00000qF2x4QAC," $3,181.03 ",25/02/2021
0062J00000qFp5QQAS," $15,000.00 ",25/02/2021
0062J00000qFxStQAK," $8,500.00 ",25/02/2021
0062J00000qG6u9QAC," $3,000.00 ",25/02/2021
0062J00000qG7DuQAK," $14,460.42 ",25/02/2021
0062J00000qGac4QAC," $2,307.70 ",25/02/2021
0062J00000qGaX4QAK," $1,590.00 ",25/02/2021
0062J00000qGBD4QAO," $8,219.18 ",25/02/2021
0062J00000qGc94QAC," $5,000.00 ",25/02/2021
0062J00000qGcDGQA0," $7,050.00 ",25/02/2021
0062J00000qGGbVQAW," $17,962.50 ",25/02/2021
0062J00000qGGYlQAO," $5,280.00 ",25/02/2021
0062J00000qGI9kQAG," $10,461.54 ",25/02/2021
0062J00000qGKHbQAO," $3,698.63 ",25/02/2021
0062J00000qGLc6QAG," $3,300.77 ",25/02/2021
0062J00000qGMomQAG," $10,000.00 ",25/02/2021
0062J00000qPheEQAS," $25,760.00 ",25/02/2021
0062J00000qPqzkQAC," $370,390.24 ",25/02/2021
0062J00000ntGzqQAE," $423,795.16 ",24/02/2021
0062J00000qFweFQAS," $43,000.00 ",24/02/2021
0062J00000qFz1YQAS," $3,920.00 ",24/02/2021
0062J00000qGacxQAC," $6,500.00 ",24/02/2021
0062J00000qGARPQA4," $30,437.50 ",24/02/2021
0062J00000qGTgcQAG," $38,923.08 ",24/02/2021
0062J00000nt1DtQAI," $40,000.00 ",23/02/2021
0062J00000qEIL7QAO," $9,388.89 ",23/02/2021
0062J00000qGGBBQA4," $11,584.62 ",23/02/2021
0062J00000qGKnIQAW," $1,041.10 ",23/02/2021
0062J00000qGLmVQAW," $4,615.38 ",23/02/2021
0062J00000qGYi7QAG," $6,000.00 ",23/02/2021
0062J00000qGYMBQA4," $3,500.00 ",23/02/2021
0062J00000qhfE0QAI," $9,090.91 ",23/02/2021
0062J00000qEc5MQAS," $15,000.00 ",22/02/2021
0062J00000qEJ47QAG," $24,375.00 ",22/02/2021
0062J00000qEkU3QAK," $15,000.00 ",22/02/2021
0062J00000qF9UkQAK," $32,500.00 ",22/02/2021
0062J00000qFlxiQAC," $4,615.38 ",22/02/2021
0062J00000qG7JTQA0," $2,250.00 ",22/02/2021
0062J00000qGB42QAG," $12,461.54 ",22/02/2021
0062J00000qGEXoQAO," $3,861.54 ",22/02/2021
0062J00000qGM08QAG," $1,666.12 ",22/02/2021
0062J00000qGThzQAG," $1,500.00 ",22/02/2021
0062J00000qGJhKQAW," $65,000.00 ",20/02/2021
0062J00000qEfWUQA0," $125,500.00 ",19/02/2021
0062J00000qErbHQAS," $708,780.00 ",19/02/2021
0062J00000qEX6BQAW," $6,155.00 ",19/02/2021
0062J00000qExDvQAK," $27,500.00 ",19/02/2021
0062J00000qFqIUQA0," $51,027.50 ",19/02/2021
0062J00000qFqsfQAC," $29,610.00 ",19/02/2021
0062J00000qFyBCQA0," $14,200.00 ",19/02/2021
0062J00000qFys6QAC," $42,500.00 ",19/02/2021
0062J00000qFzN4QAK," $15,000.00 ",19/02/2021
0062J00000qFzNdQAK," $10,000.00 ",19/02/2021
0062J00000qFzNOQA0," $6,000.00 ",19/02/2021
0062J00000qG6q2QAC," $57,200.00 ",19/02/2021
0062J00000qGGOMQA4," $144,500.00 ",19/02/2021
0062J00000qGXHhQAO, $813.41 ,19/02/2021
0062J00000qF3vMQAS," $56,394.00 ",18/02/2021
0062J00000qF6C2QAK," $20,250.00 ",18/02/2021
0062J00000qFGL9QAO, $815.00 ,18/02/2021
0062J00000qFuVxQAK," $11,214.04 ",18/02/2021
0062J00000qGLzyQAG, $875.34 ,18/02/2021
0062J00000qGOe4QAG," $11,500.00 ",18/02/2021
0062J00000qGP3gQAG," $244,038.28 ",18/02/2021
0062J00000qGPLyQAO," $1,500.00 ",18/02/2021
0062J00000qGPNaQAO," $12,000.00 ",18/02/2021
0062J00000qGPPWQA4," $21,755.00 ",18/02/2021
0062J00000qGVVEQA4," $34,452.05 ",18/02/2021
0062J00000qFj6VQAS," $4,000.00 ",17/02/2021
0062J00000qFPevQAG," $107,000.00 ",17/02/2021
0062J00000qFTJXQA4," $40,980.00 ",17/02/2021
0062J00000qFVNMQA4," $2,000.00 ",17/02/2021
0062J00000qFW7tQAG," $75,000.00 ",17/02/2021
0062J00000qGDLiQAO," $36,400.00 ",17/02/2021
0062J00000qGGM9QAO," $2,799.00 ",17/02/2021
0062J00000qGLftQAG," $3,750.00 ",17/02/2021
0062J00000qGNzDQAW," $5,285.59 ",17/02/2021
0062J00000qGPTxQAO," $5,479.45 ",17/02/2021
0062J00000qFAbaQAG," $196,063.72 ",16/02/2021
0062J00000qFmdFQAS," $376,847.00 ",16/02/2021
0062J00000qFSbIQAW," $39,400.00 ",16/02/2021
0062J00000qFspkQAC," $7,600.00 ",16/02/2021
0062J00000qFvSIQA0," $47,076.93 ",16/02/2021
0062J00000qFzfDQAS," $2,621.95 ",16/02/2021
0062J00000qG5NJQA0," $80,794.20 ",16/02/2021
0062J00000qGFKWQA4," $1,097.56 ",16/02/2021
0062J00000qGGdlQAG," $41,560.00 ",16/02/2021
0062J00000qGMSgQAO," $2,800.00 ",16/02/2021
0062J00000qGQxLQAW," $4,500.00 ",16/02/2021
0062J00000qGUWzQAO," $2,000.00 ",16/02/2021
0062J00000qPcU3QAK," $29,106.29 ",16/02/2021
0062J00000qFi2yQAC," $114,715.00 ",15/02/2021
0062J00000qFnj4QAC," $4,362.00 ",15/02/2021
0062J00000qFnjYQAS," $1,935.00 ",15/02/2021
0062J00000qFq0QQAS," $28,205.00 ",15/02/2021
0062J00000qGR13QAG," $61,500.00 ",15/02/2021
0062J00000qQ88qQAC," $25,760.67 ",15/02/2021
0062J00000qEim9QAC," $13,700.00 ",12/02/2021
0062J00000qENQsQAO," $62,000.00 ",12/02/2021
0062J00000qFEgtQAG," $8,615.38 ",12/02/2021
0062J00000qFGOXQA4," $3,846.15 ",12/02/2021
0062J00000qFi5dQAC," $534,200.00 ",12/02/2021
0062J00000qFjGkQAK," $1,350.00 ",12/02/2021
0062J00000qFjWxQAK," $3,960.00 ",12/02/2021
0062J00000qFllDQAS," $4,000.00 ",12/02/2021
0062J00000qGLjvQAG," $3,181.54 ",12/02/2021
0062J00000qGLlDQAW," $3,634.62 ",12/02/2021
0062J00000qGOyBQAW," $1,400.00 ",12/02/2021
0062J00000qGP2wQAG," $1,200.00 ",12/02/2021
0062J00000oFASgQAO," $50,180.82 ",11/02/2021
0062J00000qFBGnQAO," $3,087.25 ",11/02/2021
0062J00000qFuGTQA0," $25,315.06 ",11/02/2021
0062J00000qG2ygQAC," $14,000.00 ",11/02/2021
0062J00000qG6FVQA0," $1,250.00 ",11/02/2021
0062J00000qGEDbQAO," $54,700.00 ",11/02/2021
0062J00000qGMiAQAW," $7,000.00 ",11/02/2021
0062J00000qQ367QAC," $12,000.00 ",11/02/2021
0062J00000qQ3JGQA0," $18,770.00 ",11/02/2021
0062J00000nimzaQAA," $65,640.00 ",10/02/2021
0062J00000oEsmIQAS," $8,988.76 ",10/02/2021
0062J00000qFD28QAG," $2,195.12 ",10/02/2021
0062J00000qFgxhQAC," $10,500.00 ",10/02/2021
0062J00000qFLXTQA4," $8,339.16 ",10/02/2021
0062J00000qFNvRQAW," $53,445.21 ",10/02/2021
0062J00000qFshCQAS," $1,615.38 ",10/02/2021
0062J00000qFSYYQA4," $18,000.00 ",10/02/2021
0062J00000qG5lzQAC," $539,750.00 ",10/02/2021
0062J00000qG6uiQAC," $8,300.00 ",10/02/2021
0062J00000qGEmPQAW," $1,500.00 ",10/02/2021
0062J00000qGFQPQA4," $11,610.00 ",10/02/2021
0062J00000qGKC7QAO," $15,923.08 ",10/02/2021
0062J00000qGOnLQAW," $3,500.00 ",10/02/2021
0062J00000qGPBAQA4, $500.00 ,10/02/2021
0062J00000ntw98QAA," $4,615.38 ",09/02/2021
0062J00000qFEkRQAW," $36,807.69 ",09/02/2021
0062J00000qFvTQQA0," $5,076.92 ",09/02/2021
0062J00000qG5K0QAK," $4,615.38 ",09/02/2021
0062J00000qG9WNQA0," $26,000.00 ",09/02/2021
0062J00000qGAFiQAO," $11,000.00 ",09/02/2021
0062J00000qGGZ0QAO," $2,400.00 ",09/02/2021
0062J00000qEsBZQA0," $385,000.00 ",08/02/2021
0062J00000qEYskQAG," $3,000.00 ",08/02/2021
0062J00000qFHGTQA4," $1,000.00 ",08/02/2021
0062J00000qFJCZQA4," $40,750.00 ",08/02/2021
0062J00000qFK48QAG," $7,000.00 ",08/02/2021
0062J00000qFLDiQAO," $25,300.00 ",08/02/2021
0062J00000qFr7LQAS," $2,739.73 ",08/02/2021
0062J00000qFu1TQAS," $20,792.68 ",08/02/2021
0062J00000qFw1EQAS," $5,250.00 ",08/02/2021
0062J00000qFzlLQAS," $11,158.53 ",08/02/2021
0062J00000qG3L7QAK," $25,761.50 ",08/02/2021
0062J00000qG5aNQAS," $1,170.00 ",08/02/2021
0062J00000qF48SQAS," $2,097.90 ",07/02/2021
0062J00000qEviZQAS," $1,350.00 ",05/02/2021
0062J00000qFHVxQAO," $2,000.00 ",05/02/2021
0062J00000qFiZbQAK," $13,110.00 ",05/02/2021
0062J00000qFJ6lQAG," $15,530.00 ",05/02/2021
0062J00000qFjSMQA0," $400,000.00 ",05/02/2021
0062J00000qFOaOQAW," $30,239.00 ",05/02/2021
0062J00000qFOXjQAO," $20,569.50 ",05/02/2021
0062J00000qFOYDQA4," $6,856.50 ",05/02/2021
0062J00000qFOZLQA4," $11,427.50 ",05/02/2021
0062J00000qFrGsQAK," $7,542.08 ",05/02/2021
0062J00000qFSyUQAW," $7,215.00 ",05/02/2021
0062J00000qFWB3QAO," $21,000.00 ",05/02/2021
0062J00000qFzJMQA0," $2,357.50 ",05/02/2021
0062J00000qG6wKQAS," $6,000.00 ",05/02/2021
0062J00000qGAy9QAG," $7,800.00 ",05/02/2021
0062J00000qPzsPQAS," $26,405.50 ",05/02/2021
0062J00000qEb8PQAS," $48,800.00 ",04/02/2021
0062J00000qEIuvQAG," $28,000.00 ",04/02/2021
0062J00000qFEfqQAG," $102,250.00 ",04/02/2021
0062J00000qFiQCQA0," $16,000.00 ",04/02/2021
0062J00000qFxdrQAC," $32,000.00 ",04/02/2021
0062J00000qG1G5QAK," $18,500.00 ",04/02/2021
0062J00000qQ3rhQAC," $167,220.00 ",04/02/2021
0062J00000oFBBRQA4," $3,458.46 ",03/02/2021
0062J00000qErBiQAK," $17,025.00 ",03/02/2021
0062J00000qEt3XQAS," $4,500.00 ",03/02/2021
0062J00000qEU2qQAG," $19,230.77 ",03/02/2021
0062J00000qEzOuQAK," $19,000.00 ",03/02/2021
0062J00000qF2PHQA0," $72,225.00 ",03/02/2021
0062J00000qFQ3JQAW," $25,000.00 ",03/02/2021
0062J00000qFyrcQAC, $500.00 ,03/02/2021
0062J00000qG1FvQAK," $6,000.00 ",03/02/2021
0062J00000qPvD1QAK," $4,400.00 ",03/02/2021
0062J00000nMAsdQAG," $335,000.00 ",02/02/2021
0062J00000qEDAKQA4," $1,153.85 ",02/02/2021
0062J00000qErvWQAS," $320,500.00 ",02/02/2021
0062J00000qETwjQAG," $17,700.00 ",02/02/2021
0062J00000qETwPQAW," $17,700.00 ",02/02/2021
0062J00000qETwQQAW," $17,700.00 ",02/02/2021
0062J00000qETwZQAW," $17,700.00 ",02/02/2021
0062J00000qFnSmQAK," $29,842.75 ",02/02/2021
0062J00000qFsC8QAK," $4,125.00 ",02/02/2021
0062J00000qFzSiQAK," $6,439.39 ",02/02/2021
0062J00000qFzV8QAK," $4,615.38 ",02/02/2021
0062J00000qG1cNQAS," $1,500.00 ",02/02/2021
0062J00000qGCyYQAW," $3,230.77 ",02/02/2021
0062J00000qPzbYQAS," $2,400.00 ",02/02/2021
0062J00000qQBHvQAO," $125,000.00 ",02/02/2021
0062J00000qF0iSQAS," $11,184.21 ",01/02/2021
0062J00000qF5WaQAK," $85,850.00 ",01/02/2021
0062J00000qFNBKQA4," $3,703.70 ",01/02/2021
0062J00000qFQ1rQAG," $5,440.00 ",01/02/2021
0062J00000qFUOrQAO," $22,735.96 ",01/02/2021
0062J00000qGAxzQAG," $2,700.00 ",01/02/2021
0062J00000qGBYqQAO," $2,850.00 ",01/02/2021
0062J00000qEqGrQAK," $506,300.00 ",31/01/2021
0062J00000qF3JDQA0," $14,920.00 ",31/01/2021
0062J00000qFQR1QAO," $57,750.00 ",30/01/2021
0062J00000qEdIvQAK," $22,600.00 ",29/01/2021
0062J00000qEx0mQAC," $67,200.00 ",29/01/2021
0062J00000qFjIWQA0," $1,699.20 ",29/01/2021
0062J00000qFjKSQA0," $4,200.00 ",29/01/2021
0062J00000qG11UQAS," $7,000.00 ",29/01/2021
0062J00000qG2YAQA0," $4,000.00 ",29/01/2021
0062J00000qG506QAC," $193,750.00 ",29/01/2021
0062J00000qPfXPQA0," $193,726.92 ",29/01/2021
0062J00000qFkCjQAK," $5,320.00 ",28/01/2021
0062J00000qFna2QAC," $22,500.00 ",28/01/2021
0062J00000qFqXtQAK," $23,750.00 ",28/01/2021
0062J00000qFuweQAC," $15,000.00 ",28/01/2021
0062J00000qFXsSQAW," $3,664.07 ",28/01/2021
0062J00000qFxUaQAK," $4,289.23 ",28/01/2021
0062J00000qFzB8QAK," $2,250.00 ",28/01/2021
0062J00000opIAsQAM," $20,172.03 ",27/01/2021
0062J00000qEOhtQAG," $67,219.15 ",27/01/2021
0062J00000qEQgfQAG," $6,300.00 ",27/01/2021
0062J00000qFSG5QAO," $3,630.14 ",27/01/2021
0062J00000qFSYOQA4," $4,932.23 ",27/01/2021
0062J00000qG1rLQAS," $3,369.23 ",27/01/2021
0062J00000qETzOQAW," $13,618.42 ",26/01/2021
0062J00000qF07fQAC," $1,442.50 ",26/01/2021
0062J00000qF5a8QAC," $13,800.00 ",26/01/2021
0062J00000qFFhiQAG," $34,085.00 ",26/01/2021
0062J00000qFOn3QAG," $16,097.72 ",26/01/2021
0062J00000qPpnJQAS," $3,000.00 ",26/01/2021
0062J00000ntd9AQAQ," $8,499.00 ",25/01/2021
0062J00000ntnaTQAQ," $30,511.00 ",25/01/2021
0062J00000oomYjQAI," $78,600.00 ",25/01/2021
0062J00000q8t1vQAA," $2,000.00 ",25/01/2021
0062J00000qEe8hQAC," $3,802,850.00 ",25/01/2021
0062J00000qEoKVQA0," $7,931.51 ",25/01/2021
0062J00000qFhILQA0," $1,925.00 ",25/01/2021
0062J00000qFisEQAS," $5,245.32 ",25/01/2021
0062J00000qFmTUQA0," $12,478.78 ",25/01/2021
0062J00000qFnkMQAS," $16,439.59 ",25/01/2021
0062J00000qFnSNQA0," $14,711.54 ",25/01/2021
0062J00000qFnwhQAC," $10,000.00 ",25/01/2021
0062J00000qFqbPQAS," $11,100.00 ",25/01/2021
0062J00000qFqflQAC," $6,750.00 ",25/01/2021
0062J00000qFs10QAC," $10,550.00 ",25/01/2021
0062J00000qFslJQAS," $1,200.00 ",25/01/2021
0062J00000qFz8OQAS," $5,000.00 ",25/01/2021
0062J00000qPvd5QAC," $31,000.00 ",25/01/2021
0062J00000qPxLHQA0," $8,494.38 ",25/01/2021
0062J00000qQDnqQAG," $3,750.00 ",25/01/2021
0062J00000qEZ8nQAG," $10,000.00 ",24/01/2021
0062J00000oF2D6QAK," $25,000.00 ",22/01/2021
0062J00000qEdqxQAC," $5,600.00 ",22/01/2021
0062J00000qFargQAC," $46,800.00 ",22/01/2021
0062J00000qFJ41QAG," $31,600.00 ",22/01/2021
0062J00000qFqccQAC," $2,100.00 ",22/01/2021
0062J00000qFTATQA4," $2,500.00 ",22/01/2021
0062J00000oEldqQAC," $44,001.00 ",21/01/2021
0062J00000oEleWQAS," $16,001.00 ",21/01/2021
0062J00000qEwLkQAK," $16,000.00 ",21/01/2021
0062J00000qF3BSQA0," $30,458.42 ",21/01/2021
0062J00000qFlS6QAK," $11,945.00 ",21/01/2021
0062J00000qFRcFQAW," $6,000.00 ",21/01/2021
0062J00000qFrybQAC," $16,000.00 ",21/01/2021
0062J00000qFouDQAS," $10,000.00 ",20/01/2021
0062J00000qFQmnQAG, $500.00 ,20/01/2021
0062J00000qPodhQAC," $19,238.39 ",20/01/2021
0062J00000qPZ1bQAG," $11,986.54 ",20/01/2021
0062J00000qQBjpQAG," $2,684.21 ",20/01/2021
0062J00000q8oOyQAI, $500.00 ,19/01/2021
0062J00000qESSMQA4," $2,962.96 ",19/01/2021
0062J00000qEvaZQAS," $12,222.23 ",19/01/2021
0062J00000qFE4AQAW," $1,000.00 ",19/01/2021
0062J00000qFj4oQAC," $5,000.00 ",19/01/2021
0062J00000qFnVvQAK," $3,076.92 ",19/01/2021
0062J00000qFTIyQAO," $35,250.00 ",19/01/2021
0062J00000qFogVQAS," $4,872.11 ",18/01/2021
0062J00000qFsZDQA0," $11,538.46 ",18/01/2021
0062J00000qFXYrQAO," $10,262.10 ",18/01/2021
0062J00000nsnxPQAQ," $31,419.58 ",15/01/2021
0062J00000ntxgSQAQ," $6,608.39 ",15/01/2021
0062J00000qEGNFQA4," $18,900.00 ",15/01/2021
0062J00000qEka1QAC," $6,500.00 ",15/01/2021
0062J00000qEmGfQAK," $34,400.00 ",15/01/2021
0062J00000qEoAMQA0," $2,500.00 ",15/01/2021
0062J00000qExhJQAS," $6,900.00 ",15/01/2021
0062J00000qF88RQAS," $12,600.00 ",15/01/2021
0062J00000qFa8bQAC," $1,000.00 ",15/01/2021
0062J00000qFd67QAC," $3,256.58 ",15/01/2021
0062J00000qFGeQQAW," $62,000.00 ",15/01/2021
0062J00000qFkKJQA0," $1,500.00 ",15/01/2021
0062J00000qFp2vQAC," $2,200.00 ",15/01/2021
0062J00000qFQVhQAO," $1,000.00 ",15/01/2021
0062J00000qFRi8QAG," $7,000.00 ",15/01/2021
0062J00000qPf5NQAS," $22,500.00 ",15/01/2021
0062J00000qPYpfQAG," $10,000.00 ",15/01/2021
0062J00000qFeMQQA0," $17,760.00 ",14/01/2021
0062J00000qFlNfQAK," $8,000.00 ",14/01/2021
0062J00000qFg95QAC," $4,424.66 ",13/01/2021
0062J00000qFIxZQAW," $61,000.00 ",13/01/2021
0062J00000qFljCQAS," $5,384.62 ",13/01/2021
0062J00000qFPMrQAO," $17,865.39 ",13/01/2021
0062J00000qFWy4QAG," $4,895.10 ",13/01/2021
0062J00000qEfAEQA0," $3,536.59 ",12/01/2021
0062J00000qEN8eQAG," $2,433.57 ",12/01/2021
0062J00000qFDidQAG," $47,500.00 ",12/01/2021
0062J00000qFeeTQAS," $4,590.00 ",12/01/2021
0062J00000qFiAAQA0," $3,000.00 ",12/01/2021
0062J00000qFiqSQAS," $3,658.54 ",12/01/2021
0062J00000qFLgVQAW, $657.89 ,12/01/2021
0062J00000oEkBqQAK," $42,325.00 ",11/01/2021
0062J00000qF7LmQAK," $14,500.00 ",11/01/2021
0062J00000qFNy6QAG," $7,500.00 ",11/01/2021
0062J00000qPiMzQAK," $4,220.00 ",11/01/2021
0062J00000qPlkdQAC," $175,000.00 ",11/01/2021
0062J00000qPmzIQAS," $1,730.77 ",11/01/2021
0062J00000qQ7cRQAS," $12,825.00 ",11/01/2021
0062J00000opRyzQAE," $112,500.00 ",08/01/2021
0062J00000qED6rQAG," $14,400.00 ",08/01/2021
0062J00000qF81uQAC," $9,671.05 ",08/01/2021
0062J00000qFFEHQA4," $11,000.00 ",08/01/2021
0062J00000qFhfpQAC," $2,394.00 ",08/01/2021
0062J00000qFKoaQAG," $2,000.00 ",08/01/2021
0062J00000qEaraQAC," $20,000.00 ",07/01/2021
0062J00000qEMkwQAG," $22,560.15 ",07/01/2021
0062J00000qEVNmQAO," $10,000.00 ",07/01/2021
0062J00000qFfMrQAK," $39,100.00 ",07/01/2021
0062J00000qFhBFQA0," $4,062.50 ",07/01/2021
0062J00000qFdCeQAK," $3,374.00 ",06/01/2021
0062J00000qFHuAQAW," $95,664.34 ",06/01/2021
0062J00000qFNyaQAG," $2,247.19 ",06/01/2021
0062J00000nu0v6QAA," $3,068.62 ",05/01/2021
0062J00000qEfkDQAS," $21,800.00 ",05/01/2021
0062J00000qF24rQAC," $11,109.38 ",05/01/2021
0062J00000qF9NFQA0," $2,250.00 ",05/01/2021
0062J00000qFdLCQA0," $21,179.78 ",05/01/2021
0062J00000qFIjDQAW," $5,000.00 ",05/01/2021
0062J00000qFVSgQAO," $24,600.00 ",05/01/2021
0062J00000qFW6bQAG," $24,200.00 ",05/01/2021
0062J00000oFCX8QAO," $1,500.00 ",04/01/2021
0062J00000oomjhQAA," $3,600.00 ",04/01/2021
0062J00000opg0wQAA," $10,031.90 ",04/01/2021
0062J00000qEcGZQA0," $28,000.00 ",04/01/2021
0062J00000qEEnMQAW," $31,870.00 ",04/01/2021
0062J00000qEoJXQA0," $7,230.00 ",04/01/2021
0062J00000qEqy5QAC," $9,438.20 ",04/01/2021
0062J00000qEv9DQAS," $10,200.00 ",04/01/2021
0062J00000qFM0uQAG," $20,000.00 ",04/01/2021
0062J00000qFOUfQAO," $1,080.00 ",04/01/2021
0062J00000qFZcVQAW," $1,200.00 ",04/01/2021
0062J00000qQAkDQAW," $52,930.00 ",04/01/2021
0062J00000qFAxgQAG," $16,000.00 ",01/01/2021
0062J00000qPrfyQAC," $1,927.00 ",01/01/2021
0062J00000nL1ueQAC," $470,300.00 ",31/12/2020
0062J00000ntvPlQAI," $23,016.00 ",31/12/2020
0062J00000oEfAkQAK," $33,500.00 ",31/12/2020
0062J00000oEiczQAC," $20,924.00 ",31/12/2020
0062J00000oF77lQAC," $3,958,566.50 ",31/12/2020
0062J00000oFCNMQA4," $9,605.26 ",31/12/2020
0062J00000oqOoSQAU," $3,006,700.00 ",31/12/2020
0062J00000q8ziyQAA," $22,000.00 ",31/12/2020
0062J00000qEkKhQAK," $3,000.00 ",31/12/2020
0062J00000qEqv1QAC," $10,000.00 ",31/12/2020
0062J00000qEum3QAC," $101,250.01 ",31/12/2020
0062J00000qF1FAQA0," $4,500.00 ",31/12/2020
0062J00000qF2nEQAS," $5,827.50 ",31/12/2020
0062J00000qF7E7QAK," $10,000.00 ",31/12/2020
0062J00000qFbeJQAS," $30,300.00 ",31/12/2020
0062J00000qFE5DQAW," $133,930.00 ",31/12/2020
0062J00000qFGLdQAO," $27,560.00 ",31/12/2020
0062J00000qFK3eQAG," $2,500.00 ",31/12/2020
0062J00000qFMirQAG," $50,000.00 ",31/12/2020
0062J00000qFRDKQA4," $167,100.00 ",31/12/2020
0062J00000qFZqwQAG," $11,000.00 ",31/12/2020
0062J00000qPaP5QAK," $108,000.00 ",31/12/2020
0062J00000qPWsQQAW," $26,542.11 ",31/12/2020
0062J00000qPwuKQAS," $2,797.20 ",31/12/2020
0062J00000niWDHQA2," $46,300.00 ",30/12/2020
0062J00000oEgExQAK," $2,500.00 ",30/12/2020
0062J00000oEoe2QAC," $794,800.00 ",30/12/2020
0062J00000opBtwQAE," $10,000.00 ",30/12/2020
0062J00000q8tMAQAY," $96,065.00 ",30/12/2020
0062J00000q8vyRQAQ," $63,096.00 ",30/12/2020
0062J00000qEbm0QAC," $646,391.02 ",30/12/2020
0062J00000qEevNQAS," $9,100.00 ",30/12/2020
0062J00000qEf9pQAC," $79,500.00 ",30/12/2020
0062J00000qEfYGQA0," $32,500.00 ",30/12/2020
0062J00000qEngUQAS," $19,181.33 ",30/12/2020
0062J00000qEpARQA0," $11,000.00 ",30/12/2020
0062J00000qEZqgQAG," $13,500.00 ",30/12/2020
0062J00000qEzwDQAS," $4,950.00 ",30/12/2020
0062J00000qFN10QAG," $23,200.00 ",30/12/2020
0062J00000qFPSfQAO," $1,418.95 ",30/12/2020
0062J00000qFT48QAG," $9,000.00 ",30/12/2020
0062J00000qFWFTQA4," $5,000.00 ",30/12/2020
0062J00000qPaS3QAK," $15,000.00 ",30/12/2020
0062J00000qPfX0QAK," $46,228.72 ",30/12/2020
0062J00000ntRpmQAE, $-   ,29/12/2020
0062J00000oF8p6QAC," $98,050.00 ",29/12/2020
0062J00000oorlVQAQ," $28,293.59 ",29/12/2020
0062J00000ooUqnQAE," $7,692.30 ",29/12/2020
0062J00000qEOU3QAO," $18,579.68 ",29/12/2020
0062J00000qEr1TQAS," $31,932.59 ",29/12/2020
0062J00000qEvUHQA0," $24,852.28 ",29/12/2020
0062J00000qEZ9CQAW," $24,418.42 ",29/12/2020
0062J00000qF6y9QAC," $7,500.00 ",29/12/2020
0062J00000qFQNOQA4," $3,745.00 ",29/12/2020
0062J00000qPfUCQA0," $71,222.10 ",29/12/2020
0062J00000qPfW3QAK," $106,524.49 ",29/12/2020
0062J00000qPuoVQAS," $647,157.90 ",29/12/2020
0062J00000qQ1bYQAS," $7,846.76 ",29/12/2020
0062J00000qQ2aMQAS," $46,700.00 ",29/12/2020
0062J00000nuBouQAE," $5,670.00 ",28/12/2020
0062J00000nuFAKQA2," $980,899.50 ",28/12/2020
0062J00000oF3DiQAK," $32,000.00 ",28/12/2020
0062J00000qEoZuQAK," $12,000.00 ",28/12/2020
0062J00000qEta7QAC," $15,938.50 ",28/12/2020
0062J00000qEtxkQAC," $17,983.81 ",28/12/2020
0062J00000qFEOZQA4," $5,004.00 ",28/12/2020
0062J00000qFKYSQA4," $10,220.73 ",28/12/2020
0062J00000qFM3FQAW," $9,998.67 ",28/12/2020
0062J00000qPqZNQA0," $10,360.00 ",28/12/2020
0062J00000qEcfKQAS," $8,750.00 ",25/12/2020
0062J00000qPZ8wQAG," $8,516.85 ",25/12/2020
0062J00000qEOgQQAW," $8,531.47 ",24/12/2020
0062J00000qExASQA0," $31,136.00 ",24/12/2020
0062J00000qExCTQA0," $69,113.30 ",24/12/2020
0062J00000qPjQxQAK," $7,046.98 ",24/12/2020
0062J00000qPuirQAC," $24,482.52 ",24/12/2020
0062J00000qPZ0TQAW," $56,282.14 ",24/12/2020
0062J00000qQBfxQAG," $42,457.35 ",24/12/2020
0062J00000mrBDgQAM," $273,430.00 ",23/12/2020
0062J00000ntvnPQAQ," $531,315.80 ",23/12/2020
0062J00000oF2R3QAK," $24,000.00 ",23/12/2020
0062J00000oqDGpQAM," $326,200.00 ",23/12/2020
0062J00000qEJugQAG," $8,425.00 ",23/12/2020
0062J00000qEnubQAC," $101,000.00 ",23/12/2020
0062J00000qESpeQAG," $31,763.16 ",23/12/2020
0062J00000qEU6TQAW," $7,355.70 ",23/12/2020
0062J00000qEuexQAC," $13,300.00 ",23/12/2020
0062J00000qEvlrQAC," $127,904.50 ",23/12/2020
0062J00000qF1o5QAC," $1,500.00 ",23/12/2020
0062J00000qF83HQAS," $22,174.82 ",23/12/2020
0062J00000qFWyOQAW," $10,818.18 ",23/12/2020
0062J00000qPhJaQAK," $144,200.00 ",23/12/2020
0062J00000qPWl5QAG," $26,137.75 ",23/12/2020
0062J00000qPWZTQA4," $34,500.00 ",23/12/2020
0062J00000qPWZYQA4," $54,828.95 ",23/12/2020
0062J00000ntJfBQAU," $124,544.00 ",22/12/2020
0062J00000nu0F0QAI," $21,900.00 ",22/12/2020
0062J00000oojSQQAY," $50,400.00 ",22/12/2020
0062J00000oppbmQAA," $14,033.25 ",22/12/2020
0062J00000qEnv2QAC," $27,368.42 ",22/12/2020
0062J00000qEvSzQAK," $10,900.00 ",22/12/2020
0062J00000qF0P5QAK," $5,000.00 ",22/12/2020
0062J00000qF4qHQAS," $2,938.50 ",22/12/2020
0062J00000qFEkgQAG," $2,097.90 ",22/12/2020
0062J00000qFQEWQA4," $11,109.38 ",22/12/2020
0062J00000qPe7NQAS," $118,184.27 ",22/12/2020
0062J00000qPXCVQA4, $915.38 ,22/12/2020
0062J00000qPYFrQAO," $12,000.00 ",22/12/2020
0062J00000nKhO4QAK," $27,728.71 ",21/12/2020
0062J00000nMdzqQAC," $77,078.95 ",21/12/2020
0062J00000nspQIQAY," $18,884.62 ",21/12/2020
0062J00000nsynuQAA," $1,429,000.00 ",21/12/2020
0062J00000ntl1GQAQ," $10,711.19 ",21/12/2020
0062J00000oEl2AQAS," $266,730.00 ",21/12/2020
0062J00000oEzKzQAK," $57,076.32 ",21/12/2020
0062J00000ophxVQAQ," $135,801.00 ",21/12/2020
0062J00000opv9JQAQ," $3,146.85 ",21/12/2020
0062J00000oq0UbQAI," $24,475.52 ",21/12/2020
0062J00000oqIxdQAE," $27,488.76 ",21/12/2020
0062J00000oqR5tQAE," $59,703.50 ",21/12/2020
0062J00000qEb58QAC," $2,097.90 ",21/12/2020
0062J00000qEbJrQAK," $74,747.37 ",21/12/2020
0062J00000qEcILQA0," $78,694.00 ",21/12/2020
0062J00000qEFFZQA4," $16,450.00 ",21/12/2020
0062J00000qEfWPQA0," $51,700.00 ",21/12/2020
0062J00000qEgFVQA0," $24,610.14 ",21/12/2020
0062J00000qEyO3QAK," $8,008.28 ",21/12/2020
0062J00000qF7VXQA0," $4,484.26 ",21/12/2020
0062J00000qFBH7QAO," $9,151.68 ",21/12/2020
0062J00000qFDA7QAO," $5,990.21 ",21/12/2020
0062J00000qFDEYQA4," $4,697.99 ",21/12/2020
0062J00000qFEgjQAG," $37,000.00 ",21/12/2020
0062J00000qFHkRQAW," $15,900.00 ",21/12/2020
0062J00000qFMgRQAW," $1,560.00 ",21/12/2020
0062J00000qFPW3QAO," $9,050.00 ",21/12/2020
0062J00000qFRpsQAG," $9,000.50 ",21/12/2020
0062J00000qFTbaQAG," $9,450.00 ",21/12/2020
0062J00000qPi1mQAC," $257,100.00 ",21/12/2020
0062J00000qPVcgQAG," $6,423.08 ",21/12/2020
0062J00000qPYazQAG," $10,000.00 ",21/12/2020
0062J00000qQDz3QAG," $609,400.00 ",21/12/2020
0062J00000nt0bFQAQ," $5,500.00 ",20/12/2020
0062J00000qEVbyQAG," $16,503.50 ",20/12/2020
0062J00000qEz17QAC," $9,000.00 ",20/12/2020
0062J00000nt9kVQAQ," $86,100.00 ",18/12/2020
0062J00000oEifFQAS," $10,000.00 ",18/12/2020
0062J00000oEt4dQAC," $6,500.00 ",18/12/2020
0062J00000q8wreQAA," $56,500.00 ",18/12/2020
0062J00000qEas4QAC," $15,000.00 ",18/12/2020
0062J00000qEkrBQAS," $19,000.00 ",18/12/2020
0062J00000qEmHdQAK," $2,250.00 ",18/12/2020
0062J00000qEnAdQAK," $17,000.00 ",18/12/2020
0062J00000qEqN9QAK," $4,500.00 ",18/12/2020
0062J00000qErekQAC," $28,500.00 ",18/12/2020
0062J00000qEvUgQAK, $-   ,18/12/2020
0062J00000qExbLQAS," $43,200.00 ",18/12/2020
0062J00000qEZsSQAW," $1,530.00 ",18/12/2020
0062J00000qF0BXQA0," $42,700.00 ",18/12/2020
0062J00000qF4gMQAS," $3,000.00 ",18/12/2020
0062J00000qF8YzQAK," $19,800.00 ",18/12/2020
0062J00000qFEnpQAG," $6,388.11 ",18/12/2020
0062J00000qFJDhQAO," $8,500.00 ",18/12/2020
0062J00000qFJpNQAW," $53,881.58 ",18/12/2020
0062J00000qFL4dQAG," $12,400.00 ",18/12/2020
0062J00000qFQUPQA4," $126,200.00 ",18/12/2020
0062J00000qPbSVQA0," $7,471.25 ",18/12/2020
0062J00000qPhD8QAK," $12,564.00 ",18/12/2020
0062J00000qPjApQAK," $9,750.00 ",18/12/2020
0062J00000qPtkNQAS," $618,354.33 ",18/12/2020
0062J00000qPxdFQAS," $1,960.00 ",18/12/2020
0062J00000qQCTJQA4," $17,000.00 ",18/12/2020
0062J00000ntUMdQAM," $19,580.42 ",17/12/2020
0062J00000q8r5vQAA," $517,999.00 ",17/12/2020
0062J00000qEbf9QAC," $7,040.00 ",17/12/2020
0062J00000qEEvtQAG," $8,391.61 ",17/12/2020
0062J00000qEHneQAG," $10,000.00 ",17/12/2020
0062J00000qEs8LQAS," $23,000.00 ",17/12/2020
0062J00000qETjwQAG," $59,500.00 ",17/12/2020
0062J00000qEu3UQAS," $3,496.50 ",17/12/2020
0062J00000qEwptQAC," $10,000.00 ",17/12/2020
0062J00000qF1HpQAK," $21,250.00 ",17/12/2020
0062J00000qFA5CQAW," $13,000.00 ",17/12/2020
0062J00000qFAYHQA4," $4,900.00 ",17/12/2020
0062J00000qFB5zQAG," $29,544.00 ",17/12/2020
0062J00000qFHrBQAW," $21,000.00 ",17/12/2020
0062J00000qPklBQAS," $23,000.00 ",17/12/2020
0062J00000qPuLEQA0," $123,277.00 ",17/12/2020
0062J00000qPyLMQA0," $9,230.80 ",17/12/2020
0062J00000qPZ2eQAG," $11,493.01 ",17/12/2020
0062J00000qQ7jHQAS," $5,880.00 ",17/12/2020
0062J00000nsxP5QAI," $6,000.00 ",16/12/2020
0062J00000opBGaQAM," $3,888.89 ",16/12/2020
0062J00000q8q6VQAQ," $15,000.00 ",16/12/2020
0062J00000qEaSfQAK," $17,900.00 ",16/12/2020
0062J00000qEEveQAG," $12,587.41 ",16/12/2020
0062J00000qEjx9QAC," $2,411.51 ",16/12/2020
0062J00000qEpMwQAK," $22,471.91 ",16/12/2020
0062J00000qERC7QAO," $3,265.00 ",16/12/2020
0062J00000qEsV1QAK," $71,850.00 ",16/12/2020
0062J00000qEx0cQAC," $6,500.00 ",16/12/2020
0062J00000qEyFkQAK," $2,150.00 ",16/12/2020
0062J00000qF3g0QAC," $6,750.05 ",16/12/2020
0062J00000qF8MtQAK," $9,000.00 ",16/12/2020
0062J00000qFHgZQAW," $5,772.00 ",16/12/2020
0062J00000qFIpQQAW, $964.00 ,16/12/2020
0062J00000qFIzLQAW," $6,000.00 ",16/12/2020
0062J00000qFMd8QAG," $80,000.00 ",16/12/2020
0062J00000qPbnTQAS," $2,145,500.00 ",16/12/2020
0062J00000qPjC2QAK," $28,262.24 ",16/12/2020
0062J00000qPuVsQAK," $12,097.90 ",16/12/2020
0062J00000qPXwfQAG," $558,777.15 ",16/12/2020
0062J00000oorPSQAY," $4,762.82 ",15/12/2020
0062J00000qEBnKQAW," $169,176.36 ",15/12/2020
0062J00000qEfsRQAS," $31,100.00 ",15/12/2020
0062J00000qEiRLQA0," $1,577.53 ",15/12/2020
0062J00000qEjI6QAK," $8,304.19 ",15/12/2020
0062J00000qEMrjQAG," $8,000.00 ",15/12/2020
0062J00000qEncNQAS," $16,375.00 ",15/12/2020
0062J00000qEp2wQAC," $27,000.00 ",15/12/2020
0062J00000qETrtQAG," $3,629.63 ",15/12/2020
0062J00000qEUafQAG," $21,400.00 ",15/12/2020
0062J00000qEyH7QAK," $200,000.00 ",15/12/2020
0062J00000qFBHMQA4," $1,804.20 ",15/12/2020
0062J00000qFIBpQAO," $1,137.64 ",15/12/2020
0062J00000qFNQAQA4," $10,452.00 ",15/12/2020
0062J00000qPdcYQAS," $18,000.00 ",15/12/2020
0062J00000qPZ7tQAG," $20,196.63 ",15/12/2020
0062J00000qQ2tRQAS," $5,594.41 ",15/12/2020
0062J00000qQ8X1QAK," $395,000.00 ",15/12/2020
0062J00000qQCAvQAO," $55,125.00 ",15/12/2020
0062J00000nttnQQAQ," $15,000.00 ",14/12/2020
0062J00000oEy7KQAS, $-   ,14/12/2020
0062J00000opCtTQAU," $8,000.00 ",14/12/2020
0062J00000qEJm2QAG," $4,195.80 ",14/12/2020
0062J00000qEL95QAG," $62,300.00 ",14/12/2020
0062J00000qELSkQAO," $70,700.00 ",14/12/2020
0062J00000qEXsyQAG," $2,700.00 ",14/12/2020
0062J00000qF05ZQAS," $78,500.00 ",14/12/2020
0062J00000qF2BJQA0," $1,552.63 ",14/12/2020
0062J00000qF3d3QAC," $1,760.00 ",14/12/2020
0062J00000qF7cfQAC," $14,433.56 ",14/12/2020
0062J00000qPrBOQA0, $320.00 ,14/12/2020
0062J00000qPwt2QAC," $46,991.44 ",14/12/2020
0062J00000nsqZHQAY," $333,200.00 ",11/12/2020
0062J00000q8vfyQAA," $5,767.83 ",11/12/2020
0062J00000q8wmtQAA," $34,500.00 ",11/12/2020
0062J00000qEeUxQAK," $3,750.00 ",11/12/2020
0062J00000qEUuIQAW, $600.00 ,11/12/2020
0062J00000qEvUlQAK," $12,600.00 ",11/12/2020
0062J00000qEVZdQAO," $4,744.06 ",11/12/2020
0062J00000qEzlAQAS," $58,375.00 ",11/12/2020
0062J00000qF3ApQAK," $389,003.68 ",11/12/2020
0062J00000qFD5WQAW," $17,552.44 ",11/12/2020
0062J00000qPl8FQAS," $6,450.02 ",11/12/2020
0062J00000qPoXyQAK," $196,000.00 ",11/12/2020
0062J00000qPvsPQAS," $377,735.50 ",11/12/2020
0062J00000qPy9lQAC, $900.00 ,11/12/2020
0062J00000qPyCVQA0," $1,400.00 ",11/12/2020
0062J00000qQ06RQAS," $16,662.00 ",11/12/2020
0062J00000qQ1ntQAC," $193,100.00 ",11/12/2020
0062J00000ntMEZQA2," $46,800.00 ",10/12/2020
0062J00000nu9u3QAA," $29,975.40 ",10/12/2020
0062J00000oEdXIQA0," $15,750.00 ",10/12/2020
0062J00000opTJZQA2," $175,909.30 ",10/12/2020
0062J00000oqSocQAE," $1,398.60 ",10/12/2020
0062J00000q8svsQAA," $25,000.00 ",10/12/2020
0062J00000qEc6eQAC," $5,617.98 ",10/12/2020
0062J00000qEEsVQAW," $15,780.00 ",10/12/2020
0062J00000qEhS7QAK," $1,048.95 ",10/12/2020
0062J00000qEis7QAC," $6,513.90 ",10/12/2020
0062J00000qELtBQAW," $4,810.00 ",10/12/2020
0062J00000qEMfcQAG," $1,378.00 ",10/12/2020
0062J00000qEmH9QAK," $3,000.00 ",10/12/2020
0062J00000qEPTiQAO," $12,022.47 ",10/12/2020
0062J00000qERu4QAG," $4,897.50 ",10/12/2020
0062J00000qEsDuQAK," $9,000.00 ",10/12/2020
0062J00000qExiRQAS," $23,175.00 ",10/12/2020
0062J00000qEzMoQAK," $8,658.00 ",10/12/2020
0062J00000qF5w9QAC," $12,237.76 ",10/12/2020
0062J00000qF9mAQAS," $16,925.00 ",10/12/2020
0062J00000qFHjOQAW," $185,000.00 ",10/12/2020
0062J00000qPzkGQAS," $66,500.00 ",10/12/2020
0062J00000qQ1qYQAS," $4,810.00 ",10/12/2020
0062J00000qQ4kOQAS," $6,530.00 ",10/12/2020
0062J00000qQ56tQAC," $1,166.00 ",10/12/2020
0062J00000qQ5XkQAK," $5,493.02 ",10/12/2020
0062J00000q8phGQAQ," $98,300.00 ",09/12/2020
0062J00000qEmLLQA0," $1,748.27 ",09/12/2020
0062J00000qEz4pQAC," $12,752.81 ",09/12/2020
0062J00000qF16ZQAS," $11,907.89 ",09/12/2020
0062J00000qF3Z6QAK," $2,457.34 ",09/12/2020
0062J00000qF5kIQAS," $50,000.00 ",09/12/2020
0062J00000qF9gvQAC," $2,700.00 ",09/12/2020
0062J00000qFEHiQAO," $3,000.00 ",09/12/2020
0062J00000qFFKZQA4, $773.61 ,09/12/2020
0062J00000qPoXPQA0," $144,400.00 ",09/12/2020
0062J00000qPoYSQA0," $61,500.00 ",09/12/2020
0062J00000qPpu1QAC," $21,125.00 ",09/12/2020
0062J00000qQDEAQA4," $12,335.67 ",09/12/2020
0062J00000qQDjPQAW," $15,150.00 ",09/12/2020
0062J00000nu9pcQAA," $77,240.00 ",08/12/2020
0062J00000oEkVGQA0," $55,856.64 ",08/12/2020
0062J00000oElOBQA0," $318,350.00 ",08/12/2020
0062J00000oFCqjQAG," $1,248,160.00 ",08/12/2020
0062J00000opcLlQAI," $2,499,681.00 ",08/12/2020
0062J00000q8r4rQAA," $164,800.00 ",08/12/2020
0062J00000qEtdpQAC," $11,237.50 ",08/12/2020
0062J00000qEvErQAK," $15,000.00 ",08/12/2020
0062J00000qEXOtQAO," $36,112.50 ",08/12/2020
0062J00000qF1BSQA0," $7,125.00 ",08/12/2020
0062J00000qF9cZQAS," $7,552.45 ",08/12/2020
0062J00000qPbQjQAK," $7,560.00 ",08/12/2020
0062J00000qPj7RQAS," $23,800.00 ",08/12/2020
0062J00000qQENeQAO," $1,250.00 ",08/12/2020
0062J00000ntAJaQAM," $24,635.96 ",07/12/2020
0062J00000oF5xfQAC," $21,000.00 ",07/12/2020
0062J00000oF6o5QAC," $33,000.00 ",07/12/2020
0062J00000opkb3QAA," $10,708.10 ",07/12/2020
0062J00000qEYTGQA4," $10,000.00 ",07/12/2020
0062J00000qF8pOQAS," $5,000.00 ",07/12/2020
0062J00000qFB93QAG," $40,000.00 ",07/12/2020
0062J00000qPkTWQA0," $6,250.00 ",07/12/2020
0062J00000qPol7QAC," $37,950.00 ",07/12/2020
0062J00000qQCLUQA4," $20,000.00 ",07/12/2020
0062J00000oEn77QAC," $64,200.00 ",04/12/2020
0062J00000qEjcVQAS," $2,501.40 ",04/12/2020
0062J00000qEnX3QAK," $4,800.00 ",04/12/2020
0062J00000qEoAHQA0," $100,000.00 ",04/12/2020
0062J00000qEQk8QAG," $8,391.61 ",04/12/2020
0062J00000qEYDcQAO," $374,428.00 ",04/12/2020
0062J00000qF0BmQAK," $19,010.00 ",04/12/2020
0062J00000qF3a9QAC," $6,691.20 ",04/12/2020
0062J00000qF7bfQAC," $4,580.42 ",04/12/2020
0062J00000qPuYwQAK," $125,656.00 ",04/12/2020
0062J00000nLLvBQAW," $131,925.00 ",03/12/2020
0062J00000ntcV5QAI," $52,904.00 ",03/12/2020
0062J00000nteMgQAI," $9,340.00 ",03/12/2020
0062J00000opJqzQAE," $7,832.16 ",03/12/2020
0062J00000q8wKuQAI," $75,500.00 ",03/12/2020
0062J00000qEsLyQAK," $3,750.37 ",03/12/2020
0062J00000qEsoDQAS," $601,900.00 ",03/12/2020
0062J00000qEwCdQAK," $179,065.00 ",03/12/2020
0062J00000qF26nQAC," $1,000.00 ",03/12/2020
0062J00000qFAGNQA4," $2,890.00 ",03/12/2020
0062J00000qPZEfQAO," $2,073.60 ",03/12/2020
0062J00000qQ1w2QAC," $58,438.45 ",03/12/2020
0062J00000qQ2h0QAC," $1,500.00 ",03/12/2020
0062J00000nscijQAA," $44,198.88 ",02/12/2020
0062J00000oF4vJQAS," $20,000.00 ",02/12/2020
0062J00000qEHREQA4," $6,400.00 ",02/12/2020
0062J00000qEJ3xQAG," $16,000.00 ",02/12/2020
0062J00000qEL7EQAW," $5,000.00 ",02/12/2020
0062J00000qERH2QAO," $20,820.00 ",02/12/2020
0062J00000qEZQmQAO," $18,650.00 ",02/12/2020
0062J00000qF1t5QAC," $2,247.19 ",02/12/2020
0062J00000qPhodQAC," $19,250.56 ",02/12/2020
0062J00000qQD1LQAW," $2,550.00 ",02/12/2020
0062J00000oEtJOQA0," $51,400.00 ",01/12/2020
0062J00000oEuW6QAK," $23,520.00 ",01/12/2020
0062J00000oq63vQAA," $35,093.00 ",01/12/2020
0062J00000qEbu4QAC," $5,500.00 ",01/12/2020
0062J00000qERE8QAO," $7,230.00 ",01/12/2020
0062J00000qERMvQAO," $13,950.00 ",01/12/2020
0062J00000qErpxQAC," $24,125.87 ",01/12/2020
0062J00000qEuCCQA0, $-   ,01/12/2020
0062J00000qF3NoQAK," $2,000.00 ",01/12/2020
0062J00000qF68KQAS," $14,500.00 ",01/12/2020
0062J00000qF68LQAS," $24,487.64 ",01/12/2020
0062J00000qPpGZQA0," $5,000.00 ",01/12/2020
0062J00000qPuRgQAK," $1,608.39 ",01/12/2020
0062J00000nM61uQAC," $29,500.00 ",30/11/2020
0062J00000ntnXAQAY," $35,662.50 ",30/11/2020
0062J00000ooE2IQAU," $54,608.01 ",30/11/2020
0062J00000ooSd2QAE," $197,000.00 ",30/11/2020
0062J00000q8wJwQAI," $214,300.00 ",30/11/2020
0062J00000qEFhJQAW," $237,575.00 ",30/11/2020
0062J00000qEoCwQAK," $170,000.00 ",30/11/2020
0062J00000qEqE7QAK," $81,500.00 ",30/11/2020
0062J00000qEREmQAO," $371,750.00 ",30/11/2020
0062J00000qEtO6QAK," $23,500.00 ",30/11/2020
0062J00000qF0cUQAS," $5,000.00 ",30/11/2020
0062J00000qF0i3QAC," $29,276.32 ",30/11/2020
0062J00000qF0imQAC," $13,815.79 ",30/11/2020
0062J00000qF12hQAC," $30,674.67 ",30/11/2020
0062J00000qF2fAQAS, $700.00 ,30/11/2020
0062J00000qF2oHQAS," $3,671.33 ",30/11/2020
0062J00000qPgw2QAC, $750.00 ,30/11/2020
0062J00000qPsecQAC," $4,400.00 ",30/11/2020
0062J00000qQ1bEQAS," $4,907.89 ",30/11/2020
0062J00000qQ4VYQA0," $30,300.00 ",30/11/2020
0062J00000oEn98QAC," $4,545.45 ",27/11/2020
0062J00000optIqQAI," $25,000.00 ",27/11/2020
0062J00000qEHF0QAO," $38,840.00 ",27/11/2020
0062J00000qEhkbQAC," $7,000.00 ",27/11/2020
0062J00000qEJuWQAW," $32,920.00 ",27/11/2020
0062J00000qEXZIQA4," $4,289.89 ",27/11/2020
0062J00000qEYDNQA4," $42,400.00 ",27/11/2020
0062J00000qF0coQAC," $1,547.21 ",27/11/2020
0062J00000qF2zoQAC, $538.99 ,27/11/2020
0062J00000qF3KfQAK," $1,538.46 ",27/11/2020
0062J00000qPwndQAC," $2,797.20 ",27/11/2020
0062J00000ntBepQAE," $17,776.22 ",26/11/2020
0062J00000op0dbQAA," $2,631.58 ",26/11/2020
0062J00000qEkybQAC," $40,643.36 ",26/11/2020
0062J00000qEz46QAC," $11,736.84 ",26/11/2020
0062J00000qFQkhQAG," $3,421.05 ",26/11/2020
0062J00000qQ0qcQAC," $14,748.00 ",26/11/2020
0062J00000qQ4PAQA0," $14,084.27 ",26/11/2020
0062J00000nuEOqQAM," $32,000.00 ",25/11/2020
0062J00000qEIvZQAW," $7,700.00 ",25/11/2020
0062J00000qEjJdQAK," $17,114.09 ",25/11/2020
0062J00000qER6xQAG," $15,168.54 ",25/11/2020
0062J00000qEsGeQAK," $6,000.20 ",25/11/2020
0062J00000qEtvUQAS," $22,643.48 ",25/11/2020
0062J00000qEuCWQA0," $88,041.97 ",25/11/2020
0062J00000qF0A5QAK," $3,000.00 ",25/11/2020
0062J00000qPxgtQAC," $38,550.00 ",25/11/2020
0062J00000nteRqQAI," $126,000.00 ",24/11/2020
0062J00000oEdxQQAS," $45,400.00 ",24/11/2020
0062J00000oEyloQAC," $63,000.00 ",24/11/2020
0062J00000qEb4yQAC," $15,384.62 ",24/11/2020
0062J00000qEbq2QAC," $28,000.00 ",24/11/2020
0062J00000qEJXEQA4," $99,750.00 ",24/11/2020
0062J00000qEoNZQA0," $2,500.00 ",24/11/2020
0062J00000qEQcdQAG," $32,917.50 ",24/11/2020
0062J00000qEwWyQAK," $824,400.00 ",24/11/2020
0062J00000qPltBQAS," $26,150.00 ",24/11/2020
0062J00000qPvfuQAC," $279,631.84 ",24/11/2020
0062J00000qPybAQAS," $91,692.31 ",24/11/2020
0062J00000qQ5eCQAS," $77,894.20 ",24/11/2020
0062J00000oEl20QAC," $292,200.00 ",23/11/2020
0062J00000oEsYQQA0," $288,000.00 ",23/11/2020
0062J00000oFBxiQAG," $228,000.00 ",23/11/2020
0062J00000ooKU5QAM," $9,923.03 ",23/11/2020
0062J00000qEdVpQAK," $79,750.00 ",23/11/2020
0062J00000qEllTQAS," $20,394.74 ",23/11/2020
0062J00000qEmPYQA0," $245,504.90 ",23/11/2020
0062J00000qERMbQAO," $20,016.85 ",23/11/2020
0062J00000qEtuCQAS," $2,727.27 ",23/11/2020
0062J00000qETunQAG," $16,000.00 ",23/11/2020
0062J00000qEVkHQAW," $2,474.23 ",23/11/2020
0062J00000qEWLSQA4," $19,949.00 ",23/11/2020
0062J00000qPkuSQAS," $2,073.50 ",23/11/2020
0062J00000qPmUMQA0," $211,250.00 ",23/11/2020
0062J00000qPoZpQAK," $2,500.00 ",23/11/2020
0062J00000qPsnUQAS," $13,296.30 ",23/11/2020
0062J00000qQApIQAW," $3,780.00 ",23/11/2020
0062J00000qQBDeQAO," $5,000.00 ",23/11/2020
0062J00000ntiNqQAI," $61,000.00 ",20/11/2020
0062J00000nu0j0QAA," $115,734.27 ",20/11/2020
0062J00000qEi4WQAS," $23,483.15 ",20/11/2020
0062J00000qEolgQAC," $15,000.00 ",20/11/2020
0062J00000qEY8mQAG, $-   ,20/11/2020
0062J00000qPbrfQAC," $6,915.00 ",20/11/2020
0062J00000qPmG5QAK," $135,900.00 ",20/11/2020
0062J00000qPmUlQAK," $126,325.00 ",20/11/2020
0062J00000qPtH1QAK," $1,260.00 ",20/11/2020
0062J00000qPtkmQAC, $600.00 ,20/11/2020
0062J00000qPy3SQAS," $10,000.00 ",20/11/2020
0062J00000qQ03mQAC," $2,062.50 ",20/11/2020
0062J00000qQ5XzQAK," $46,500.00 ",20/11/2020
0062J00000qQ8T8QAK," $1,000.00 ",20/11/2020
0062J00000qQ9K4QAK," $3,960.00 ",20/11/2020
0062J00000oEdwNQAS," $20,000.00 ",19/11/2020
0062J00000oFAXvQAO," $6,500.00 ",19/11/2020
0062J00000qEfKdQAK," $8,000.00 ",19/11/2020
0062J00000qEnrcQAC," $5,613.48 ",19/11/2020
0062J00000qEQ9lQAG," $30,000.00 ",19/11/2020
0062J00000qEsExQAK," $2,097.90 ",19/11/2020
0062J00000qEsJnQAK," $1,750.00 ",19/11/2020
0062J00000qEtH0QAK," $64,000.00 ",19/11/2020
0062J00000qEv3nQAC," $7,425.00 ",19/11/2020
0062J00000qEvRiQAK," $4,895.10 ",19/11/2020
0062J00000qPVO6QAO," $25,281.90 ",19/11/2020
0062J00000qPW1CQAW," $71,838.38 ",19/11/2020
0062J00000qPyRAQA0," $18,000.00 ",19/11/2020
0062J00000qPzT0QAK," $80,000.00 ",19/11/2020
0062J00000qQCtvQAG," $1,500.00 ",19/11/2020
0062J00000qQDcpQAG," $58,950.00 ",19/11/2020
0062J00000ntArlQAE," $15,000.00 ",18/11/2020
0062J00000ntpDCQAY," $123,750.00 ",18/11/2020
0062J00000ntxT4QAI," $140,175.00 ",18/11/2020
0062J00000qEKM6QAO," $47,500.00 ",18/11/2020
0062J00000qEm6fQAC," $30,002.00 ",18/11/2020
0062J00000qEOVFQA4," $2,250.00 ",18/11/2020
0062J00000qEpNGQA0," $4,000.00 ",18/11/2020
0062J00000qEPQtQAO," $3,370.00 ",18/11/2020
0062J00000qEpt9QAC," $25,100.00 ",18/11/2020
0062J00000qEqZLQA0," $10,000.00 ",18/11/2020
0062J00000qEs1FQAS," $27,350.00 ",18/11/2020
0062J00000qETEPQA4," $37,500.00 ",18/11/2020
0062J00000qEVcXQAW," $14,153.85 ",18/11/2020
0062J00000qEYKEQA4," $15,600.00 ",18/11/2020
0062J00000qPySmQAK," $35,000.00 ",18/11/2020
0062J00000qQ7XuQAK," $3,000.00 ",18/11/2020
0062J00000qQCn4QAG," $54,000.00 ",18/11/2020
0062J00000mrQMbQAM," $114,452.38 ",17/11/2020
0062J00000oEhCJQA0," $4,210.53 ",17/11/2020
0062J00000q8tsVQAQ," $43,000.00 ",17/11/2020
0062J00000qEaPHQA0," $8,763.00 ",17/11/2020
0062J00000qEcdYQAS," $8,998.00 ",17/11/2020
0062J00000qEDljQAG," $4,210.53 ",17/11/2020
0062J00000qEF55QAG," $24,060.00 ",17/11/2020
0062J00000qEFEvQAO," $13,483.14 ",17/11/2020
0062J00000qEGBTQA4," $20,100.00 ",17/11/2020
0062J00000qELggQAG," $8,750.00 ",17/11/2020
0062J00000qELVxQAO," $4,774.83 ",17/11/2020
0062J00000qEpxuQAC," $8,500.00 ",17/11/2020
0062J00000qErK1QAK," $4,536.00 ",17/11/2020
0062J00000qEsj3QAC," $5,000.00 ",17/11/2020
0062J00000qEsRNQA0," $1,123.60 ",17/11/2020
0062J00000qEZBDQA4," $22,101.39 ",17/11/2020
0062J00000qPf4oQAC," $11,500.00 ",17/11/2020
0062J00000qPgEtQAK," $34,000.00 ",17/11/2020
0062J00000ntpFpQAI," $7,382.00 ",16/11/2020
0062J00000oEdcwQAC," $3,045.00 ",16/11/2020
0062J00000oEoZ2QAK," $11,250.00 ",16/11/2020
0062J00000oF0pLQAS," $354,500.00 ",16/11/2020
0062J00000q90qPQAQ," $12,000.00 ",16/11/2020
0062J00000qEaGjQAK," $42,500.00 ",16/11/2020
0062J00000qEbMlQAK," $4,222.47 ",16/11/2020
0062J00000qEg2CQAS," $2,473.08 ",16/11/2020
0062J00000qEjKlQAK," $4,545.45 ",16/11/2020
0062J00000qEjRmQAK," $6,550.00 ",16/11/2020
0062J00000qELW7QAO," $8,400.00 ",16/11/2020
0062J00000qEPaAQAW," $25,250.00 ",16/11/2020
0062J00000qEQlpQAG," $14,125.88 ",16/11/2020
0062J00000qErJ3QAK," $2,850.00 ",16/11/2020
0062J00000qETFrQAO," $20,000.00 ",16/11/2020
0062J00000qPo2MQAS," $2,500.00 ",16/11/2020
0062J00000qQ7zUQAS," $7,875.00 ",16/11/2020
0062J00000ntzQhQAI," $131,492.21 ",13/11/2020
0062J00000oElw1QAC," $6,811.18 ",13/11/2020
0062J00000ooHDaQAM," $18,617.98 ",13/11/2020
0062J00000ooqhQQAQ," $73,521.75 ",13/11/2020
0062J00000oorpSQAQ," $67,662.92 ",13/11/2020
0062J00000qEg5zQAC," $25,000.00 ",13/11/2020
0062J00000qEICKQA4," $20,800.00 ",13/11/2020
0062J00000qEJNxQAO," $74,800.00 ",13/11/2020
0062J00000qElt0QAC," $2,500.00 ",13/11/2020
0062J00000qEoy1QAC," $2,500.00 ",13/11/2020
0062J00000qEQAoQAO," $1,000.00 ",13/11/2020
0062J00000qERxSQAW," $4,775.00 ",13/11/2020
0062J00000qES4iQAG," $16,550.00 ",13/11/2020
0062J00000qPaIDQA0," $1,600.00 ",13/11/2020
0062J00000qPdoKQAS," $335,250.00 ",13/11/2020
0062J00000qPVkuQAG," $175,000.00 ",13/11/2020
0062J00000oEd04QAC," $6,719.74 ",12/11/2020
0062J00000oFBtWQAW," $4,851.00 ",12/11/2020
0062J00000qEiWGQA0," $5,250.00 ",12/11/2020
0062J00000qEkY0QAK," $23,500.00 ",12/11/2020
0062J00000qEkZDQA0," $10,800.00 ",12/11/2020
0062J00000qEmbEQAS," $12,000.00 ",12/11/2020
0062J00000qEWQxQAO," $50,000.00 ",12/11/2020
0062J00000qQ8ptQAC," $15,000.00 ",12/11/2020
0062J00000qEX90QAG," $18,000.00 ",11/11/2020
0062J00000oF8TsQAK," $2,500.00 ",10/11/2020
0062J00000oo9bGQAQ," $63,478.00 ",10/11/2020
0062J00000oo9bzQAA," $63,478.00 ",10/11/2020
0062J00000oo9c4QAA," $63,474.00 ",10/11/2020
0062J00000oq16GQAQ," $92,210.11 ",10/11/2020
0062J00000qEe4zQAC," $7,000.00 ",10/11/2020
0062J00000qEESWQA4, $900.00 ,10/11/2020
0062J00000qEjSpQAK, $568.82 ,10/11/2020
0062J00000qEP4AQAW," $21,500.00 ",10/11/2020
0062J00000qETgdQAG," $5,400.00 ",10/11/2020
0062J00000qEUOyQAO," $1,200.00 ",10/11/2020
0062J00000qPrkeQAC, $390.00 ,10/11/2020
0062J00000qPvv4QAC," $5,000.00 ",10/11/2020
0062J00000qPy4HQAS," $13,000.00 ",10/11/2020
0062J00000ntvDQQAY," $13,005.00 ",09/11/2020
0062J00000op1coQAA," $6,248.00 ",09/11/2020
0062J00000qEbwtQAC," $6,650.00 ",09/11/2020
0062J00000qEXZ3QAO," $2,539.47 ",09/11/2020
0062J00000qEYZdQAO," $2,500.00 ",09/11/2020
0062J00000qPhb5QAC," $17,700.00 ",09/11/2020
0062J00000qQ9E6QAK," $55,000.00 ",09/11/2020
0062J00000nuF6SQAU," $15,000.00 ",06/11/2020
0062J00000oEpVaQAK," $14,936.00 ",06/11/2020
0062J00000qEOuYQAW," $6,000.00 ",06/11/2020
0062J00000qQCL5QAO," $20,000.00 ",06/11/2020
0062J00000nsw38QAA," $98,000.00 ",05/11/2020
0062J00000oF5veQAC," $30,419.58 ",05/11/2020
0062J00000qEcWhQAK," $1,000.00 ",05/11/2020
0062J00000qESMwQAO," $10,909.79 ",05/11/2020
0062J00000qET3vQAG," $28,000.00 ",05/11/2020
0062J00000qPr12QAC," $1,161.00 ",05/11/2020
0062J00000qPreqQAC," $4,000.00 ",05/11/2020
0062J00000qPyabQAC," $4,195.80 ",05/11/2020
0062J00000qPyZJQA0," $12,566.43 ",05/11/2020
0062J00000qQ0DXQA0," $15,400.00 ",05/11/2020
0062J00000qQBuUQAW," $3,800.00 ",05/11/2020
0062J00000oEyhDQAS," $10,000.00 ",04/11/2020
0062J00000oo0SWQAY," $1,002,300.00 ",04/11/2020
0062J00000q8qfbQAA," $27,700.00 ",04/11/2020
0062J00000qEdlJQAS," $5,000.00 ",04/11/2020
0062J00000qEQLEQA4," $47,440.00 ",04/11/2020
0062J00000qPqa2QAC," $9,000.00 ",04/11/2020
0062J00000qPsTjQAK," $1,446.00 ",04/11/2020
0062J00000qPYnZQAW," $48,777.75 ",04/11/2020
0062J00000qQ1IMQA0," $1,887.22 ",04/11/2020
0062J00000oF8hEQAS," $28,580.00 ",03/11/2020
0062J00000oFC3vQAG," $46,750.00 ",03/11/2020
0062J00000qEHxUQAW," $37,302.75 ",03/11/2020
0062J00000qELXAQA4," $6,500.00 ",03/11/2020
0062J00000qEQEqQAO," $3,380.00 ",03/11/2020
0062J00000qESfPQAW," $2,797.20 ",03/11/2020
0062J00000qEU7lQAG," $3,370.79 ",03/11/2020
0062J00000qQ2pEQAS," $9,000.00 ",03/11/2020
0062J00000qQ36lQAC," $11,500.00 ",03/11/2020
0062J00000ntspkQAA," $1,400.00 ",02/11/2020
0062J00000oEn6iQAC," $64,200.00 ",02/11/2020
0062J00000opKBHQA2," $9,013.16 ",02/11/2020
0062J00000qEXTUQA4," $4,382.02 ",02/11/2020
0062J00000qPsX2QAK," $10,000.00 ",02/11/2020
0062J00000qPuctQAC," $9,409.09 ",02/11/2020
0062J00000qQ2f8QAC," $9,513.98 ",02/11/2020
0062J00000qQBRbQAO," $22,069.93 ",02/11/2020
0062J00000qQECvQAO," $22,750.00 ",02/11/2020
0062J00000oFAbsQAG, $-   ,31/10/2020
0062J00000qPZFJQA4, $-   ,31/10/2020
0062J00000qQ88RQAS," $15,789.47 ",31/10/2020
0062J00000ntA6gQAE," $121,200.00 ",30/10/2020
0062J00000oEyBbQAK," $9,000.00 ",30/10/2020
0062J00000q8qWTQAY," $1,069.50 ",30/10/2020
0062J00000q91MGQAY," $151,773.00 ",30/10/2020
0062J00000qEJvPQAW," $1,500.00 ",30/10/2020
0062J00000qEMjtQAG," $8,500.00 ",30/10/2020
0062J00000qEOsXQAW," $20,944.06 ",30/10/2020
0062J00000qEQUFQA4," $29,700.00 ",30/10/2020
0062J00000qPbEiQAK," $3,300.00 ",30/10/2020
0062J00000qPlA1QAK," $50,000.00 ",30/10/2020
0062J00000qPqjDQAS," $17,500.00 ",30/10/2020
0062J00000qPrZ7QAK," $18,000.00 ",30/10/2020
0062J00000qPvxQQAS," $22,570.00 ",30/10/2020
0062J00000qPzAhQAK," $10,000.00 ",30/10/2020
0062J00000qPzWjQAK, $500.00 ,30/10/2020
0062J00000qQ1PhQAK," $166,000.00 ",30/10/2020
0062J00000qQ2EuQAK," $10,000.00 ",30/10/2020
0062J00000qQ3qLQAS," $13,381.42 ",30/10/2020
0062J00000qQ5VZQA0," $3,848.00 ",30/10/2020
0062J00000qQCiOQAW," $5,877.00 ",30/10/2020
0062J00000qQDCdQAO," $3,750.00 ",30/10/2020
0062J00000qQDePQAW," $74,000.00 ",30/10/2020
0062J00000qQDwxQAG," $5,250.00 ",30/10/2020
0062J00000qQEGxQAO," $21,120.00 ",30/10/2020
0062J00000qQEIoQAO," $8,658.00 ",30/10/2020
0062J00000oF8TyQAK," $7,400.00 ",29/10/2020
0062J00000qEDCgQAO," $451,712.70 ",29/10/2020
0062J00000qEER9QAO," $92,975.00 ",29/10/2020
0062J00000qEFfhQAG," $5,000.00 ",29/10/2020
0062J00000qEHsKQAW," $41,000.00 ",29/10/2020
0062J00000qEQhnQAG," $7,094.41 ",29/10/2020
0062J00000qEULJQA4," $3,550.00 ",29/10/2020
0062J00000qEWLmQAO," $1,350.00 ",29/10/2020
0062J00000qPbbhQAC," $13,918.00 ",29/10/2020
0062J00000qPeqXQAS," $34,750.00 ",29/10/2020
0062J00000qPhfWQAS," $6,125.00 ",29/10/2020
0062J00000qPjodQAC," $11,000.00 ",29/10/2020
0062J00000qQ1DWQA0," $20,000.00 ",29/10/2020
0062J00000qQ1f6QAC," $39,500.00 ",29/10/2020
0062J00000qQ4lqQAC," $15,450.00 ",29/10/2020
0062J00000qQ6SVQA0," $10,000.00 ",29/10/2020
0062J00000qQAeUQAW," $4,000.00 ",29/10/2020
0062J00000qQAYvQAO," $11,000.00 ",29/10/2020
0062J00000qQBvgQAG," $2,799.00 ",29/10/2020
0062J00000qQDgQQAW," $8,000.00 ",29/10/2020
0062J00000ntdSqQAI," $10,000.00 ",28/10/2020
0062J00000ooz20QAA," $149,067.42 ",28/10/2020
0062J00000opl0SQAQ," $82,000.00 ",28/10/2020
0062J00000qEI5YQAW," $46,000.00 ",28/10/2020
0062J00000qEMFPQA4," $6,000.00 ",28/10/2020
0062J00000qET0IQAW," $8,033.71 ",28/10/2020
0062J00000qPiVcQAK," $9,300.00 ",28/10/2020
0062J00000qPneeQAC," $10,080.00 ",28/10/2020
0062J00000qPoZBQA0," $13,500.00 ",28/10/2020
0062J00000qPpmfQAC," $9,860.00 ",28/10/2020
0062J00000qPv8fQAC," $21,340.00 ",28/10/2020
0062J00000qPx4yQAC," $6,617.11 ",28/10/2020
0062J00000qQ4UQQA0," $12,000.00 ",28/10/2020
0062J00000qQDYOQA4," $1,122.47 ",28/10/2020
0062J00000qQEIaQAO," $24,740.00 ",28/10/2020
0062J00000ntNvmQAE," $21,600.00 ",27/10/2020
0062J00000oF0O5QAK," $13,051.32 ",27/10/2020
0062J00000oFDb9QAG," $15,000.00 ",27/10/2020
0062J00000oFDWOQA4," $24,000.00 ",27/10/2020
0062J00000qEHDWQA4," $1,000.00 ",27/10/2020
0062J00000qPbkZQAS," $17,630.77 ",27/10/2020
0062J00000qPe8pQAC," $80,700.00 ",27/10/2020
0062J00000qPeRXQA0," $5,000.00 ",27/10/2020
0062J00000qPhDIQA0," $2,400.00 ",27/10/2020
0062J00000qQ0lDQAS," $7,269.73 ",27/10/2020
0062J00000qQ4SVQA0," $10,312.50 ",27/10/2020
0062J00000qQ73kQAC," $10,000.00 ",27/10/2020
0062J00000ntJC9QAM," $4,500.00 ",26/10/2020
0062J00000ntViLQAU," $41,550.00 ",26/10/2020
0062J00000oEio8QAC," $11,560.00 ",26/10/2020
0062J00000oExfbQAC," $7,150.00 ",26/10/2020
0062J00000qEDwLQAW, $600.00 ,26/10/2020
0062J00000qEIEfQAO," $1,100.00 ",26/10/2020
0062J00000qEPvDQAW," $4,000.00 ",26/10/2020
0062J00000qEPWXQA4," $2,590.75 ",26/10/2020
0062J00000qEPwzQAG," $4,000.00 ",26/10/2020
0062J00000qPuFbQAK," $26,950.00 ",26/10/2020
0062J00000qPVmvQAG," $13,200.00 ",26/10/2020
0062J00000qQ9hXQAS," $9,200.00 ",26/10/2020
0062J00000qQCSuQAO," $23,815.38 ",26/10/2020
0062J00000qPgj3QAC," $5,000.00 ",23/10/2020
0062J00000qPpA7QAK," $2,062.50 ",23/10/2020
0062J00000qPrRDQA0," $6,337.50 ",23/10/2020
0062J00000qPuGOQA0," $1,000.00 ",23/10/2020
0062J00000qPuVJQA0," $46,000.00 ",23/10/2020
0062J00000qQC2SQAW," $7,800.00 ",23/10/2020
0062J00000ntePpQAI," $40,100.00 ",22/10/2020
0062J00000oqLRRQA2," $10,000.00 ",22/10/2020
0062J00000q8yYRQAY," $32,495.00 ",22/10/2020
0062J00000qEEEtQAO," $9,000.00 ",22/10/2020
0062J00000qEO1tQAG," $3,000.00 ",22/10/2020
0062J00000qParIQAS," $8,750.00 ",22/10/2020
0062J00000qPglYQAS," $5,500.00 ",22/10/2020
0062J00000qPnMRQA0, $880.00 ,22/10/2020
0062J00000qPoZ1QAK," $2,000.00 ",22/10/2020
0062J00000qPpMwQAK," $30,560.00 ",22/10/2020
0062J00000qPq6QQAS," $4,100.00 ",22/10/2020
0062J00000qPshvQAC," $11,876.51 ",22/10/2020
0062J00000qQBSZQA4," $1,500.00 ",22/10/2020
0062J00000qQC57QAG," $4,050.00 ",22/10/2020
0062J00000oEd7ZQAS," $3,675.00 ",21/10/2020
0062J00000oEgqSQAS," $6,000.00 ",21/10/2020
0062J00000oEwmxQAC," $5,026.32 ",21/10/2020
0062J00000qEBo9QAG," $373,385.00 ",21/10/2020
0062J00000qPkvQQAS," $8,000.00 ",21/10/2020
0062J00000qPrmfQAC," $55,950.00 ",21/10/2020
0062J00000qPrMgQAK," $3,289.47 ",21/10/2020
0062J00000qPypZQAS, $500.00 ,21/10/2020
0062J00000qQ4hjQAC," $6,112.50 ",21/10/2020
0062J00000qQ4P0QAK," $6,048.95 ",21/10/2020
0062J00000oqDBiQAM," $39,000.00 ",20/10/2020
0062J00000oqQh8QAE," $7,000.00 ",20/10/2020
0062J00000q8zhbQAA," $1,980.00 ",20/10/2020
0062J00000qEDKPQA4," $14,100.00 ",20/10/2020
0062J00000qEIdVQAW," $1,741.57 ",20/10/2020
0062J00000qEIeiQAG," $1,500.00 ",20/10/2020
0062J00000qEKc5QAG," $5,300.00 ",20/10/2020
0062J00000qEKLDQA4," $21,500.00 ",20/10/2020
0062J00000qEKnCQAW," $1,200.00 ",20/10/2020
0062J00000qELMqQAO," $7,100.00 ",20/10/2020
0062J00000qPlXsQAK," $20,900.00 ",20/10/2020
0062J00000qPonrQAC," $2,250.00 ",20/10/2020
0062J00000qQ2f7QAC," $11,900.00 ",20/10/2020
0062J00000qQAuXQAW," $1,950.00 ",20/10/2020
0062J00000ntpUuQAI," $31,800.00 ",19/10/2020
0062J00000oFEZdQAO," $1,187.50 ",19/10/2020
0062J00000q8tqyQAA," $25,800.00 ",19/10/2020
0062J00000qEFLrQAO," $2,627.99 ",19/10/2020
0062J00000qELKuQAO," $2,850.00 ",19/10/2020
0062J00000qPla3QAC," $21,600.00 ",19/10/2020
0062J00000qPmwEQAS," $56,000.00 ",19/10/2020
0062J00000qPu0BQAS," $2,094.00 ",19/10/2020
0062J00000qPumPQAS," $3,370.79 ",19/10/2020
0062J00000qQ3OBQA0, $999.60 ,19/10/2020
0062J00000oEl6lQAC," $1,725.00 ",16/10/2020
0062J00000oEyBRQA0," $4,500.00 ",16/10/2020
0062J00000qPlYWQA0, $650.00 ,16/10/2020
0062J00000qPvmhQAC," $1,000.00 ",16/10/2020
0062J00000qPXgNQAW," $19,150.00 ",16/10/2020
0062J00000qQ5KCQA0," $5,000.00 ",16/10/2020
0062J00000oEdO6QAK," $5,000.00 ",15/10/2020
0062J00000oF2CwQAK," $6,930.00 ",15/10/2020
0062J00000oFADRQA4," $12,000.00 ",15/10/2020
0062J00000oFAO5QAO," $3,542.00 ",15/10/2020
0062J00000q8vzAQAQ," $15,500.00 ",15/10/2020
0062J00000qPsbEQAS," $1,250.00 ",15/10/2020
0062J00000qPW4vQAG," $13,400.00 ",15/10/2020
0062J00000qQ7ueQAC," $5,034.97 ",15/10/2020
0062J00000qQ82oQAC," $6,000.00 ",15/10/2020
0062J00000ntpErQAI," $19,700.00 ",14/10/2020
0062J00000oEgoqQAC," $6,441.96 ",14/10/2020
0062J00000oF570QAC," $1,500.00 ",14/10/2020
0062J00000onCwdQAE," $27,100.00 ",14/10/2020
0062J00000qPpLaQAK," $3,370.79 ",14/10/2020
0062J00000qPsTPQA0," $4,822.50 ",14/10/2020
0062J00000qPVLCQA4," $1,650.00 ",14/10/2020
0062J00000qQ1Y5QAK," $67,250.00 ",14/10/2020
0062J00000qQ2aRQAS," $3,020.98 ",14/10/2020
0062J00000qQDaLQAW," $1,123.60 ",14/10/2020
0062J00000oElybQAC," $24,763.64 ",13/10/2020
0062J00000oEyuCQAS, $780.00 ,13/10/2020
0062J00000oF7dIQAS," $17,482.52 ",13/10/2020
0062J00000qPkfSQAS," $1,300.00 ",13/10/2020
0062J00000qPu14QAC," $29,600.00 ",13/10/2020
0062J00000qPzVkQAK," $1,650.00 ",13/10/2020
0062J00000qQ3uHQAS," $2,200.00 ",13/10/2020
0062J00000qQEGTQA4," $33,400.00 ",13/10/2020
0062J00000nuASfQAM," $13,440.00 ",12/10/2020
0062J00000oEloRQAS," $91,250.00 ",12/10/2020
0062J00000oFB8SQAW," $4,000.00 ",12/10/2020
0062J00000qPi63QAC," $7,230.00 ",12/10/2020
0062J00000q91szQAA, $500.00 ,10/10/2020
0062J00000oF8ntQAC," $62,000.00 ",09/10/2020
0062J00000q8us6QAA," $76,000.00 ",09/10/2020
0062J00000qPh6MQAS, $-   ,09/10/2020
0062J00000qPvp6QAC," $1,700.00 ",09/10/2020
0062J00000qPXgrQAG," $1,300.00 ",09/10/2020
0062J00000qQ1N7QAK," $6,310.00 ",09/10/2020
0062J00000qQ3xBQAS," $9,000.00 ",09/10/2020
0062J00000ntsrlQAA," $37,850.00 ",08/10/2020
0062J00000oF8vTQAS," $4,050.00 ",08/10/2020
0062J00000oFDGrQAO," $4,200.00 ",08/10/2020
0062J00000qPftuQAC, $592.11 ,08/10/2020
0062J00000qPqZhQAK," $1,375.00 ",08/10/2020
0062J00000qPXnxQAG," $5,152.20 ",08/10/2020
0062J00000qPylqQAC," $2,302.63 ",08/10/2020
0062J00000qPZ8IQAW, $634.83 ,08/10/2020
0062J00000qQ8O6QAK," $2,808.99 ",08/10/2020
0062J00000qQ9SXQA0," $13,900.00 ",08/10/2020
0062J00000nuBa0QAE," $19,805.00 ",07/10/2020
0062J00000nuCYhQAM," $32,282.24 ",07/10/2020
0062J00000oF7tVQAS," $9,775.00 ",07/10/2020
0062J00000oF8sFQAS," $11,406.00 ",07/10/2020
0062J00000omr8NQAQ," $71,023.49 ",07/10/2020
0062J00000qPaZEQA0," $2,205.00 ",07/10/2020
0062J00000qPg0bQAC," $12,650.00 ",07/10/2020
0062J00000qPhiRQAS," $22,471.91 ",07/10/2020
0062J00000qPo6TQAS," $18,600.00 ",07/10/2020
0062J00000qPqoDQAS," $42,000.00 ",07/10/2020
0062J00000qPVz1QAG," $4,190.79 ",07/10/2020
0062J00000qQ9rrQAC," $9,747.19 ",07/10/2020
0062J00000ntOAIQA2," $55,550.00 ",06/10/2020
0062J00000nuCv2QAE," $27,000.00 ",06/10/2020
0062J00000nuDhfQAE," $36,000.00 ",06/10/2020
0062J00000oF7cAQAS," $4,494.38 ",06/10/2020
0062J00000opzKMQAY," $1,180.18 ",06/10/2020
0062J00000q8nlNQAQ," $13,000.00 ",06/10/2020
0062J00000qPoYNQA0," $5,600.00 ",06/10/2020
0062J00000qPq7TQAS," $31,500.00 ",06/10/2020
0062J00000qPrU2QAK," $3,500.00 ",06/10/2020
0062J00000qPv2NQAS," $5,350.00 ",06/10/2020
0062J00000qPxaaQAC," $3,000.00 ",06/10/2020
0062J00000qQ1FXQA0," $4,250.00 ",06/10/2020
0062J00000qQ4DYQA0, $503.36 ,06/10/2020
0062J00000qQ9ZnQAK, $500.00 ,06/10/2020
0062J00000ntKySQAU," $4,500.00 ",05/10/2020
0062J00000ntOTtQAM," $4,500.00 ",05/10/2020
0062J00000oEoQtQAK," $27,000.00 ",05/10/2020
0062J00000oEsMoQAK," $8,000.00 ",05/10/2020
0062J00000oExQOQA0," $17,850.00 ",05/10/2020
0062J00000oF4y3QAC," $5,000.00 ",05/10/2020
0062J00000ooh6CQAQ," $19,900.00 ",05/10/2020
0062J00000ooP31QAE," $65,000.00 ",05/10/2020
0062J00000q8oiUQAQ," $2,625.00 ",05/10/2020
0062J00000qPa67QAC," $1,300.00 ",05/10/2020
0062J00000qPjSPQA0," $70,000.00 ",05/10/2020
0062J00000qPnEXQA0," $3,258.43 ",05/10/2020
0062J00000qPo0GQAS," $1,350.00 ",05/10/2020
0062J00000qPuYmQAK," $49,588.00 ",05/10/2020
0062J00000qPxNWQA0, $747.50 ,05/10/2020
0062J00000qQ6X1QAK," $6,315.79 ",05/10/2020
0062J00000qQ6ZHQA0," $3,289.47 ",05/10/2020
0062J00000nsnyXQAQ," $3,671.33 ",02/10/2020
0062J00000oEvSHQA0," $51,000.00 ",02/10/2020
0062J00000oEw8mQAC," $17,430.00 ",02/10/2020
0062J00000oF0ANQA0," $20,000.00 ",02/10/2020
0062J00000oFBFnQAO," $3,200.00 ",02/10/2020
0062J00000oqMJEQA2," $132,000.00 ",02/10/2020
0062J00000qPgN7QAK," $3,300.00 ",02/10/2020
0062J00000qPid7QAC," $2,500.00 ",02/10/2020
0062J00000qPrniQAC," $42,000.00 ",02/10/2020
0062J00000qPsq9QAC," $8,321.68 ",02/10/2020
0062J00000qPWOuQAO," $4,800.00 ",02/10/2020
0062J00000qQ1qTQAS," $1,735.00 ",02/10/2020
0062J00000qQ1tcQAC," $1,500.00 ",02/10/2020
0062J00000qQ2usQAC," $7,040.00 ",02/10/2020
0062J00000nt759QAA," $4,000.00 ",01/10/2020
0062J00000oF6zcQAC," $13,000.00 ",01/10/2020
0062J00000qPYOyQAO, $595.00 ,01/10/2020
